lat,lon,date,month,year,uncertainty
51.738667,-3.08756,2013-10-11,10,2013,7071.1
53.3,-2.4,2007-11-03,11,2007,7071.1
53.5,-0.4,1969-12-31,12,1969,7071.1
49.98,-5.27,2016-11-13,11,2016,7071.1
54.8,-2.2,2008-09-21,9,2008,7071.1
52.039956,-3.301164,2001-11-06,11,2001,70.7
57.136782,-3.77783,1969-12-31,12,1969,707.1
50.951222,-0.891674,2005-10-21,10,2005,70.7
53.313343,-1.634664,2014-09-09,9,2014,0.7
57.17426,-2.721064,2007-09-30,9,2007,707.1
51.9,-4.7,2006-10-14,10,2006,7071.1
54.1,-2.0,2023-10-14,10,2023,7071.1
53.1,-2.2,2001-10-02,10,2001,7071.1
53.4,-2.8,2005-10-16,10,2005,7071.1
54.195066,-4.461708,2016-10-28,10,2016,707.1
51.557454,-3.227481,2004-10-26,10,2004,7071.1
51.327029,-2.782852,2014-11-10,11,2014,70.7
54.2,-4.5,2020-11-01,11,2020,7071.1
54.12,-4.71,2024-10-14,10,2024,707.1
54.7,-2.1,2009-09-21,9,2009,7071.1
50.8,-3.0,1969-12-31,12,1969,7071.1
52.6,-1.7,1969-12-31,12,1969,7071.1
55.84,-4.63,2015-09-26,9,2015,10000.0
50.5,-4.3,2012-10-14,10,2012,7071.1
52.6,-1.6,1969-12-31,12,1969,7071.1
51.8,-2.7,2009-10-31,10,2009,7071.1
52.080704,-3.467984,2001-10-13,10,2001,707.1
52.6,-1.6,1969-12-31,12,1969,7071.1
52.730605,-1.30544,2003-10-01,10,2003,1414.2
54.1,-1.7,2002-10-19,10,2002,7071.1
52.6,-2.9,2007-10-29,10,2007,7071.1
54.1,-1.6,2015-10-04,10,2015,7071.1
50.8,-2.9,2019-10-09,10,2019,7071.1
52.748915,-1.364408,2007-11-11,11,2007,1414.2
52.935757,-3.088325,2005-10-25,10,2005,70.7
53.3,-2.5,2021-10-09,10,2021,7071.1
54.0,-1.6,2003-10-11,10,2003,7071.1
51.7,-4.8,2013-10-23,10,2013,7071.1
54.5,-0.9,2013-10-19,10,2013,7071.1
53.3,-2.4,2024-10-13,10,2024,7071.1
55.8,-5.6,2013-09-30,9,2013,7071.1
55.5,-3.9,2016-09-18,9,2016,7071.1
56.751141,-3.726856,1969-12-31,12,1969,707.1
53.1,-1.8,2006-10-14,10,2006,7071.1
53.3,-2.4,2015-10-11,10,2015,7071.1
52.1,-4.7,2016-10-23,10,2016,7071.1
53.4,-0.3,2010-10-01,10,2010,7071.1
53.0,-3.0,2013-11-02,11,2013,7071.1
51.3,-0.8,2005-10-17,10,2005,7071.1
54.8,-2.0,2011-10-17,10,2011,7071.1
51.6,-4.9,2009-10-23,10,2009,7071.1
54.603678,-6.035612,2019-10-01,10,2019,544.0
53.631501,-2.077084,2010-11-18,11,2010,7071.1
50.58224,-3.7337,2021-10-08,10,2021,5.0
51.4,-2.7,2001-10-20,10,2001,7071.1
52.3,-2.8,2004-11-17,11,2004,7071.1
51.3,-2.7,2002-10-19,10,2002,7071.1
55.8,-2.4,2021-10-23,10,2021,7071.1
55.0,-2.4,2015-10-17,10,2015,7071.1
50.8,-2.3,2015-11-15,11,2015,7071.1
53.347074,-3.879199,2004-11-01,11,2004,7071.1
58.338172,-3.174185,2018-08-31,8,2018,70.7
51.552131,-3.660047,2005-10-31,10,2005,7071.1
52.4,-2.3,2002-09-15,9,2002,7071.1
51.228581,-3.779355,2017-10-23,10,2017,7.1
51.9,-2.4,2007-11-03,11,2007,7071.1
53.1,-3.2,2017-11-28,11,2017,7071.1
54.0,-2.0,2005-10-29,10,2005,7071.1
56.741473,-3.775464,1969-12-31,12,1969,707.1
52.960514,-1.536233,2008-09-23,9,2008,70.7
51.557454,-3.227481,2009-10-26,10,2009,7071.1
53.3,-2.4,2008-09-06,9,2008,7071.1
55.0,-2.4,2012-10-02,10,2012,7071.1
52.0,-2.9,2016-10-31,10,2016,7071.1
53.3,-2.9,2007-10-16,10,2007,7071.1
50.6,-3.7,2021-11-07,11,2021,7071.1
54.186087,-4.461175,2015-10-13,10,2015,707.1
52.4,-3.1,2009-09-01,9,2009,7071.1
57.554934,-4.175832,2020-11-01,11,2020,7.1
54.5,-0.9,2016-09-03,9,2016,7071.1
51.557454,-3.227481,2009-11-17,11,2009,7071.1
51.3,-0.8,2010-09-09,9,2010,7071.1
52.982668,-4.16128,2005-09-24,9,2005,7071.1
52.622906,-1.33669,2016-11-25,11,2016,1414.2
53.16232,-4.170299,2004-10-02,10,2004,7071.1
53.0,-1.5,2014-10-18,10,2014,7071.1
51.041667,-0.617167,2012-10-16,10,2012,7071.0
52.730775,-1.335055,2002-09-22,9,2002,1414.2
54.9,-2.0,2009-11-02,11,2009,7071.1
53.2,-3.2,2013-10-29,10,2013,7071.1
50.8,-1.5,2017-11-12,11,2017,7071.1
54.085704,-4.738119,2013-11-16,11,2013,1414.2
54.9,-4.2,2015-10-26,10,2015,7071.1
54.042996,-2.688688,2023-11-24,11,2023,1414.2
52.001492,-3.676625,2014-10-19,10,2014,7071.1
55.641959,-4.671703,2006-09-01,9,2006,70.7
50.2,-5.2,2019-10-27,10,2019,7071.1
53.631501,-2.077084,2014-11-02,11,2014,7071.1
52.0,-4.8,2009-09-25,9,2009,7071.1
53.631501,-2.077084,2011-09-24,9,2011,7071.1
53.002112,-1.777932,2007-10-21,10,2007,7071.1
50.67,-4.52,2025-10-19,10,2025,1000.0
51.648772,-3.085407,2016-11-05,11,2016,7071.1
50.5,-4.2,2012-10-14,10,2012,7071.1
58.1,-5.0,2003-10-11,10,2003,7071.1
52.913843,1.265407,2004-10-02,10,2004,70.7
54.7,-2.2,2009-10-05,10,2009,7071.1
55.9,-2.7,2011-11-06,11,2011,7071.1
54.124998,-4.587649,2013-10-23,10,2013,1414.2
52.694289,-1.246831,2014-11-01,11,2014,1414.2
57.275141,-2.026517,2006-09-21,9,2006,707.1
51.231907,-3.779484,2017-09-14,9,2017,7.1
52.1,-3.0,2002-11-17,11,2002,7071.1
53.7,-2.2,2009-10-13,10,2009,7071.1
56.65,-5.01,2014-09-07,9,2014,7071.1
51.7,-5.0,2004-10-20,10,2004,7071.1
51.327068,-2.777111,2003-11-24,11,2003,70.7
54.889719,-1.923581,2008-10-09,10,2008,7071.1
53.702828,-2.380166,2024-11-12,11,2024,1414.2
52.0,-3.1,2004-09-14,9,2004,7071.1
57.06,-4.14,2026-08-16,8,2026,707.1
53.3,-1.6,2015-09-23,9,2015,7071.1
52.7,-1.2,2024-11-17,11,2024,7071.1
54.8,-2.2,2020-11-04,11,2020,7071.1
50.960001,0.27485,2021-10-21,10,2021,7.1
53.092185,-2.076114,2007-10-12,10,2007,7071.1
54.140945,-4.680516,2013-11-23,11,2013,1414.2
51.73563,-3.377122,2004-09-25,9,2004,7071.1
50.2,-5.6,2008-10-09,10,2008,7071.1
53.4,-1.5,2008-10-29,10,2008,7071.1
54.2,-2.9,2009-08-15,8,2009,7071.1
51.4,-2.7,2010-10-12,10,2010,7071.1
56.63,-5.67,2016-10-14,10,2016,7071.1
58.078464,-5.232261,2003-10-02,10,2003,707.1
53.4,-2.8,2007-10-22,10,2007,7071.1
50.8,-1.7,2021-11-13,11,2021,7071.1
53.4,-0.3,2007-10-28,10,2007,7071.1
51.557454,-3.227481,2009-10-19,10,2009,7071.1
54.8,-2.0,2009-10-15,10,2009,7071.1
53.7,-1.7,2015-10-31,10,2015,7071.1
57.109846,-3.776539,1969-12-31,12,1969,707.1
56.987189,-3.540277,2002-08-22,8,2002,707.1
51.4,-2.7,2007-10-24,10,2007,7071.1
56.557452,-5.439193,2013-10-10,10,2013,7.1
54.8,-2.0,2008-08-24,8,2008,7071.1
51.8,-4.9,2009-10-22,10,2009,7071.1
54.7,-2.2,2009-10-09,10,2009,7071.1
51.557454,-3.227481,2009-10-26,10,2009,7071.1
51.8,-2.7,2010-10-07,10,2010,7071.1
58.5,-4.7,2004-10-09,10,2004,7071.1
56.429896,-5.25892,2016-10-23,10,2016,7.1
51.645744,-3.374396,2005-10-13,10,2005,7071.1
50.5,-5.0,2014-11-23,11,2014,7071.1
54.3,-2.5,2004-09-05,9,2004,7071.1
51.9,-2.8,2012-11-07,11,2012,7071.1
53.3,-1.6,2006-10-23,10,2006,7071.1
52.5,-2.0,2008-09-06,9,2008,7071.1
53.3,-1.9,2025-09-21,9,2025,7071.1
55.0,-2.1,2014-09-22,9,2014,7071.1
53.8,-2.0,1969-12-31,12,1969,7071.1
52.2,-3.0,2009-11-04,11,2009,7071.1
53.63919,-2.49983,2012-10-21,10,2012,7071.0
52.7,0.7,2001-10-24,10,2001,7071.1
52.1,-3.0,2005-11-05,11,2005,7071.1
51.459701,-2.425999,2005-11-13,11,2005,707.1
54.889719,-1.923581,2012-10-30,10,2012,7071.1
52.4,-2.4,2005-11-12,11,2005,7071.1
53.631308,-2.228303,2002-10-15,10,2002,7071.1
54.108321,-4.73196,2019-10-16,10,2019,707.1
54.0,-1.6,2001-10-13,10,2001,7071.1
56.5,-4.3,2018-09-24,9,2018,7071.1
53.454394,-1.580192,2019-09-07,9,2019,7.1
51.8,-2.5,2019-09-19,9,2019,7071.1
53.1,-3.6,1969-12-31,12,1969,7071.1
52.5,-2.0,2013-10-05,10,2013,7071.1
52.976881,-4.458906,2005-10-16,10,2005,7071.1
52.5,-2.6,2006-10-15,10,2006,7071.1
54.5,-1.1,2004-10-09,10,2004,7071.1
51.7,-4.9,2009-12-03,12,2009,7071.1
53.257235,-3.875257,2004-10-29,10,2004,7071.1
52.694289,-1.246831,2001-10-18,10,2001,1414.2
56.399571,-5.519608,2015-10-26,10,2015,7.1
53.7,-2.1,2017-11-05,11,2017,7071.1
53.261574,-3.575586,2012-07-15,7,2012,7071.1
53.3,-4.3,2019-03-01,3,2019,7071.1
53.1,-2.3,2014-11-23,11,2014,7071.1
53.8,-1.9,2001-09-22,9,2001,7071.1
54.8,-1.9,2009-09-18,9,2009,7071.1
57.172223,-3.812613,1969-12-31,12,1969,707.1
57.6,-7.3,2016-10-09,10,2016,7071.1
53.349345,-3.729059,2006-11-03,11,2006,7071.1
55.3,-2.0,2023-09-30,9,2023,7071.1
54.3,-1.0,2019-11-09,11,2019,7071.1
51.0,-1.6,2016-10-09,10,2016,7071.1
53.0,-3.2,2017-10-26,10,2017,7071.1
53.3,-2.9,2006-10-22,10,2006,7071.1
53.4,-1.6,2006-09-06,9,2006,7071.1
51.8,-3.1,2007-10-07,10,2007,7071.1
52.0,-4.9,2009-11-08,11,2009,7071.1
50.9,-2.7,2018-10-20,10,2018,7071.1
52.641348,-1.425082,2016-11-10,11,2016,1414.2
51.737238,-3.232347,2018-10-24,10,2018,7071.1
50.6,-4.6,2013-11-17,11,2013,7071.1
54.2,-1.2,2013-10-27,10,2013,7071.1
52.9,-3.1,2003-09-22,9,2003,7071.1
55.0,-2.3,2014-09-01,9,2014,7071.1
50.957959,0.397146,2021-11-17,11,2021,70.7
51.532109,-3.285188,2002-11-12,11,2002,70.7
53.8,-2.0,2016-09-24,9,2016,7071.1
53.1,-2.0,2012-10-28,10,2012,7071.1
53.316421,-1.604872,2014-08-23,8,2014,0.7
53.666162,-2.56145,2020-09-16,9,2020,1414.2
56.427858,-5.254365,2016-10-23,10,2016,7.1
50.3,-4.7,2001-10-27,10,2001,7071.1
54.6,-2.1,2009-10-18,10,2009,7071.1
51.645744,-3.374396,2023-10-22,10,2023,7071.1
51.557454,-3.227481,2009-10-28,10,2009,7071.1
51.1,-3.2,2001-09-30,9,2001,7071.1
52.694097,-1.217241,2001-10-27,10,2001,1414.2
51.1,-3.1,2021-11-16,11,2021,7071.1
55.0,-1.8,2009-10-30,10,2009,7071.1
56.342594,-2.826625,2023-07-27,7,2023,1414.2
54.7,-1.9,2023-11-12,11,2023,7071.1
52.5,-2.4,2004-10-17,10,2004,7071.1
57.216616,-3.723342,2014-09-23,9,2014,1.0
57.2,-3.8,2012-10-05,10,2012,7071.1
53.069686,-4.314912,2003-11-02,11,2003,7071.1
57.282469,-6.44737,2011-10-21,10,2011,7.1
57.17426,-2.721064,2007-09-30,9,2007,707.1
51.891212,-2.4446,2006-11-04,11,2006,707.1
52.6,-1.4,2016-11-25,11,2016,7071.1
53.448877,-2.829611,2002-10-27,10,2002,1414.2
51.5,-2.8,2008-10-22,10,2008,7071.1
53.188983,-4.112519,2004-10-03,10,2004,70.7
55.1,-2.2,2010-09-21,9,2010,7071.1
50.8,-3.5,2021-10-10,10,2021,7071.1
53.541621,-1.926021,2010-10-09,10,2010,7071.1
51.1,-3.2,1969-12-31,12,1969,7071.1
55.5,-1.6,2024-11-09,11,2024,7071.1
54.1,-1.8,1969-12-31,12,1969,7071.1
53.3,-2.4,2011-11-05,11,2011,7071.1
53.541043,-2.378714,2008-08-23,8,2008,7071.1
52.0,-4.7,2007-10-29,10,2007,7071.1
52.5,-1.6,1969-12-31,12,1969,7071.1
53.314965,-1.576006,2019-10-27,10,2019,7.1
56.528925,-5.488499,2018-10-06,10,2018,7.1
53.451735,-2.076757,2011-09-11,9,2011,7071.1
53.7,-2.6,2019-10-20,10,2019,7071.1
57.4,-6.7,2014-09-09,9,2014,7071.1
51.8,-2.7,2016-11-01,11,2016,7071.1
52.001492,-3.676625,2014-10-19,10,2014,7071.1
57.505586,-6.172114,2011-10-19,10,2011,7.1
56.617246,-6.15804,1969-12-31,12,1969,7071.1
51.23094,-3.778014,2017-10-04,10,2017,7.1
57.3,-4.7,2001-09-10,9,2001,7071.1
51.6,-3.0,2008-10-29,10,2008,7071.1
51.3,-2.7,2009-11-01,11,2009,7071.1
52.2,-3.0,2005-10-20,10,2005,7071.1
51.737238,-3.232347,2010-10-26,10,2010,7071.1
50.807831,-2.832328,2015-11-01,11,2015,70.7
51.1,0.4,2005-10-20,10,2005,7071.1
50.8,-2.8,2007-11-03,11,2007,7071.1
54.3,-2.5,2006-11-14,11,2006,7071.1
56.495139,-5.420055,2017-10-18,10,2017,7.1
57.400698,-2.226292,2002-09-24,9,2002,707.1
51.7,-5.3,2012-08-31,8,2012,7071.1
54.3,-2.5,2009-09-23,9,2009,7071.1
51.9,-2.8,2011-11-02,11,2011,7071.1
57.725266,-4.543451,2021-10-10,10,2021,7.1
51.7,-5.1,2009-11-15,11,2009,7071.1
54.6,-3.1,2017-09-30,9,2017,7071.1
54.205283,-4.400976,2020-10-12,10,2020,707.1
51.462254,-3.656783,2014-11-17,11,2014,7071.1
57.136782,-3.77783,1969-12-31,12,1969,707.1
51.557454,-3.227481,2008-11-12,11,2008,7071.1
54.1,-0.9,2020-10-05,10,2020,7071.1
51.557454,-3.227481,2008-11-12,11,2008,7071.1
52.3,-1.7,1969-12-31,12,1969,7071.1
52.0,-2.3,2019-10-23,10,2019,7071.1
51.2,0.3,2005-10-22,10,2005,7071.1
54.186087,-4.461175,2011-10-12,10,2011,707.1
53.448877,-2.829611,2004-10-24,10,2004,1414.2
52.906786,1.260413,2008-10-16,10,2008,70.7
53.3,-2.4,2023-10-15,10,2023,7071.1
51.1,0.6,2005-10-20,10,2005,7071.1
53.3,-2.4,2017-10-15,10,2017,7071.1
54.591774,-6.023904,2020-09-24,9,2020,579.0
53.631308,-2.228303,2005-10-12,10,2005,7071.1
53.631308,-2.228303,2005-06-05,6,2005,7071.1
54.978384,-1.454695,2010-10-26,10,2010,7071.1
51.555857,-3.371684,2015-09-26,9,2015,7071.1
53.347771,-2.384508,2015-09-27,9,2015,707.1
50.8,-1.4,2018-11-18,11,2018,7071.1
50.9,-3.2,2015-08-30,8,2015,7071.1
55.84,-4.63,2014-11-05,11,2014,10000.0
54.8,-1.5,2012-11-17,11,2012,7071.1
52.0,-4.8,2009-09-05,9,2009,7071.1
50.6,-4.7,2003-10-19,10,2003,7071.1
50.8,-1.7,2001-10-17,10,2001,7071.1
51.9,-4.9,2012-10-30,10,2012,7071.1
54.3,-2.5,2002-11-28,11,2002,7071.1
53.7,-2.6,2019-10-20,10,2019,7071.1
55.8,-5.3,2013-09-29,9,2013,7071.1
50.0,-5.2,2011-11-14,11,2011,7071.1
50.4,-5.0,2010-11-21,11,2010,7071.1
51.3,0.2,2005-11-05,11,2005,7071.1
50.5,-4.3,2015-10-22,10,2015,7071.1
50.8,-3.0,1969-12-31,12,1969,7071.1
51.643964,-3.51887,2017-08-26,8,2017,7071.1
57.869904,-4.633251,2022-09-21,9,2022,7.1
51.094056,0.404893,2005-10-20,10,2005,707.1
53.648578,-2.470446,2012-11-04,11,2012,1414.2
52.6,-1.9,1969-12-31,12,1969,7071.1
52.976881,-4.458906,2004-10-28,10,2004,7071.1
50.8,-0.5,1969-12-31,12,1969,7071.1
53.631501,-2.077084,2011-11-17,11,2011,7071.1
54.226402,-4.678382,2020-11-26,11,2020,707.1
52.935757,-3.088325,2005-10-25,10,2005,70.7
50.9,-1.3,2001-10-07,10,2001,7071.1
50.9,-1.5,2001-10-30,10,2001,7071.1
53.1,-1.9,2008-10-19,10,2008,7071.1
54.617253,-6.001285,2022-10-26,10,2022,7.1
54.3,-0.7,2020-10-06,10,2020,7071.1
55.94,-4.48,2016-09-10,9,2016,7071.1
52.2,-1.9,1969-12-31,12,1969,7071.1
53.0,-2.1,2003-10-12,10,2003,7071.1
50.8,-2.9,2004-10-31,10,2004,7071.1
52.564012,-3.039265,2005-10-11,10,2005,70.7
51.63987,-3.80777,2017-10-29,10,2017,7071.1
51.2,-3.8,2017-11-03,11,2017,7071.1
51.6,-0.6,2003-10-12,10,2003,7071.1
57.2,-3.8,1969-12-31,12,1969,7071.1
54.065812,-4.622176,2020-10-07,10,2020,707.1
51.9,-2.4,2002-11-16,11,2002,7071.1
54.124998,-4.587649,2013-10-16,10,2013,1414.2
57.6,-4.5,2011-09-15,9,2011,7071.1
58.3,-3.2,2018-08-31,8,2018,7071.1
52.3,-1.3,2009-10-25,10,2009,7071.1
54.6,-2.0,2009-10-02,10,2009,7071.1
55.4,-1.9,2020-11-02,11,2020,7071.1
50.9,-2.7,2001-10-06,10,2001,7071.1
53.7,-2.2,2006-10-15,10,2006,7071.1
53.376544,-2.888332,2007-11-04,11,2007,1414.2
50.2,-4.9,2009-11-18,11,2009,7071.1
50.9,-4.1,2007-10-24,10,2007,7071.1
53.1,-4.1,2006-10-24,10,2006,7071.1
53.3,-1.6,2014-11-12,11,2014,7071.1
52.785315,-1.452841,2008-09-21,9,2008,1414.2
51.557454,-3.227481,2008-11-12,11,2008,7071.1
51.7,-2.7,2015-10-20,10,2015,7071.1
51.557454,-3.227481,2002-11-07,11,2002,7071.1
51.645744,-3.374396,2007-10-07,10,2007,7071.1
53.314879,-1.577208,2019-09-07,9,2019,7.1
53.313347,-1.635985,2014-09-09,9,2014,0.7
53.631308,-2.228303,2009-06-06,6,2009,7071.1
50.9,-3.5,2010-11-13,11,2010,7071.1
51.557454,-3.227481,2008-11-04,11,2008,7071.1
51.557454,-3.227481,2017-09-25,9,2017,7071.1
51.467561,-3.225066,2013-11-12,11,2013,7071.1
55.9,-2.7,2011-11-06,11,2011,7071.1
52.0,-4.8,2009-09-05,9,2009,7071.1
53.316228,-1.577195,2019-10-27,10,2019,7.1
56.342594,-2.826625,2023-07-27,7,2023,1414.2
51.557454,-3.227481,2008-11-04,11,2008,7071.1
54.9,-2.1,2012-10-30,10,2012,7071.1
52.3,-2.8,2016-10-29,10,2016,7071.1
51.642006,-3.663328,2017-10-20,10,2017,7071.1
53.3,-1.6,2014-11-04,11,2014,7071.1
51.642006,-3.663328,2016-09-30,9,2016,7071.1
53.702828,-2.380166,2024-11-12,11,2024,1414.2
52.623222,-1.395775,2006-10-13,10,2006,1414.2
53.541621,-1.926021,2014-10-29,10,2014,7071.1
56.555209,-5.442245,2015-10-31,10,2015,7.1
57.870025,-4.700211,2021-11-22,11,2021,7.1
53.1,-2.7,2019-10-26,10,2019,7071.1
57.336772,-3.604726,2009-09-26,9,2009,707.1
52.3,-0.2,2011-11-12,11,2011,7071.1
53.3,-1.5,2009-10-26,10,2009,7071.1
51.9,-4.9,2011-11-18,11,2011,7071.1
51.891212,-2.4446,2001-10-27,10,2001,707.1
51.891212,-2.4446,2008-10-12,10,2008,707.1
51.8,-5.1,2008-10-26,10,2008,7071.1
50.4,-4.8,2012-10-24,10,2012,7071.1
51.552005,-3.189112,2002-11-03,11,2002,70.7
54.6,-2.1,2009-10-07,10,2009,7071.1
51.7,-0.7,2008-11-06,11,2008,7071.1
54.0,-2.0,2013-11-21,11,2013,7071.1
53.5,-2.0,2007-11-03,11,2007,7071.1
51.7,-0.1,2007-10-14,10,2007,7071.1
52.642537,-1.779755,2004-10-17,10,2004,7071.1
52.545952,-2.820587,2001-10-13,10,2001,70.7
51.230011,-3.803474,2017-10-23,10,2017,7.1
50.4,-4.7,2008-11-19,11,2008,7071.1
54.2,-1.1,2007-11-05,11,2007,7071.1
51.651088,-2.796373,2007-11-16,11,2007,7071.1
53.311187,-1.601183,2014-09-13,9,2014,0.7
53.7,-1.7,2014-10-25,10,2014,7071.1
55.656925,-4.675823,2003-10-19,10,2003,7.1
50.8,-3.0,1969-12-31,12,1969,7071.1
51.3,-0.8,2006-10-13,10,2006,7071.1
53.315588,-1.574349,2019-10-05,10,2019,7.1
51.0,-3.5,2015-10-18,10,2015,7071.1
54.9,-1.7,2009-10-12,10,2009,7071.1
51.3,-2.7,2001-10-14,10,2001,7071.1
50.8,-2.9,2014-11-01,11,2014,7071.1
53.329794,-2.384347,1969-12-31,12,1969,707.1
52.5,-2.9,2002-10-01,10,2002,7071.1
52.0,-0.7,2001-10-06,10,2001,7071.1
53.3,-1.1,2008-09-16,9,2008,7071.1
53.7,-2.1,2010-10-18,10,2010,7071.1
52.8,1.2,2001-09-23,9,2001,7071.1
50.9,0.3,2006-11-22,11,2006,7071.1
54.0,-1.5,2002-08-03,8,2002,7071.1
51.4,-2.7,2007-11-04,11,2007,7071.1
53.448877,-2.829611,2003-11-09,11,2003,1414.2
57.2,-3.7,2003-10-11,10,2003,7071.1
53.3,-1.6,2016-12-17,12,2016,7071.1
53.631308,-2.228303,2006-10-15,10,2006,7071.1
54.1,-2.3,2007-09-22,9,2007,7071.1
58.4737,-6.2211,2009-08-30,8,2009,7071.0
50.9,-1.5,1969-12-31,12,1969,7071.1
50.4,-4.7,2012-10-24,10,2012,7071.1
52.7,0.9,2003-12-31,12,2003,7071.1
54.8,-1.6,2012-10-13,10,2012,7071.1
52.8,1.2,2003-11-06,11,2003,7071.1
57.3,-7.3,2013-09-25,9,2013,7071.1
53.361852,-1.926332,2012-08-26,8,2012,7071.1
52.7,0.6,2001-10-24,10,2001,7071.1
50.9,-0.7,1969-12-31,12,1969,7071.1
54.14,-4.68,2015-10-23,10,2015,7071.1
55.67,-4.14,2016-10-30,10,2016,10000.0
53.4,-2.1,2020-11-21,11,2020,7071.1
51.557454,-3.227481,2008-11-12,11,2008,7071.1
52.642537,-1.779755,2008-10-01,10,2008,7071.1
52.9,1.3,2008-10-16,10,2008,7071.1
51.741782,-3.393024,2006-10-31,10,2006,7.1
51.557454,-3.227481,2009-11-03,11,2009,7071.1
53.176798,-3.123594,2014-10-18,10,2014,7071.1
56.4,-4.4,2018-09-23,9,2018,7071.1
52.938467,-3.086905,2005-10-25,10,2005,70.7
52.1,-2.3,2008-09-18,9,2008,7071.1
53.2,-0.6,2013-10-27,10,2013,7071.1
54.12,-4.71,2024-01-11,1,2024,707.1
51.557454,-3.227481,2008-11-12,11,2008,7071.1
56.391278,-5.433907,2012-10-21,10,2012,7.1
54.7,-1.9,2006-09-20,9,2006,7071.1
51.7,-2.8,2007-11-16,11,2007,7071.1
53.631308,-2.228303,2006-10-21,10,2006,7071.1
51.160932,-0.576324,2005-10-21,10,2005,70.7
53.631308,-2.228303,2009-10-07,10,2009,7071.1
56.525464,-5.496476,2019-10-15,10,2019,7.1
57.052158,-6.566312,2015-08-08,8,2015,7.1
58.57253,-3.801054,2020-08-06,8,2020,70.7
54.0,-1.5,2014-10-19,10,2014,7071.1
52.040806,-3.305563,2001-11-06,11,2001,70.7
51.4,-1.7,2005-10-16,10,2005,7071.1
55.5,-2.9,2021-11-13,11,2021,7071.1
52.730605,-1.30544,2009-11-15,11,2009,1414.2
50.9,-3.5,2008-11-18,11,2008,7071.1
51.9,-4.7,2011-11-04,11,2011,7071.1
54.9,-2.0,2021-10-21,10,2021,7071.1
54.047676,-4.827286,2020-09-20,9,2020,7071.1
50.6,-4.6,2015-11-01,11,2015,7071.1
52.7,-1.4,2016-11-10,11,2016,7071.1
53.8,-1.6,2007-10-13,10,2007,7071.1
53.6,-2.3,2009-10-07,10,2009,7071.1
53.1,-1.5,2015-11-03,11,2015,7071.1
53.1,-2.0,2022-09-24,9,2022,7071.1
54.9,-2.1,2008-10-25,10,2008,7071.1
53.5,-0.4,1969-12-31,12,1969,7071.1
50.6,-3.6,2005-10-30,10,2005,7071.1
51.44079,-2.709979,2007-10-11,10,2007,70.7
51.56,-1.02,2025-10-06,10,2025,707.1
52.658333,-1.247449,2001-11-11,11,2001,1414.2
53.314418,-1.57376,2019-09-07,9,2019,7.1
50.3,-4.8,2002-11-03,11,2002,7071.1
52.698542,-1.209763,2023-11-11,11,2023,707.1
53.4,-1.8,2012-10-20,10,2012,7071.1
53.541621,-1.926021,2011-10-16,10,2011,7071.1
54.5,-1.5,2004-08-18,8,2004,7071.1
54.7,-3.0,2019-10-29,10,2019,7071.1
54.7,-3.0,2017-10-28,10,2017,7071.1
53.3,0.1,2011-10-21,10,2011,7071.1
56.248587,-3.308745,2002-10-07,10,2002,1414.2
53.1,-1.5,2016-10-15,10,2016,7071.1
53.9,-2.5,2002-09-21,9,2002,7071.1
53.0,-2.0,2008-09-21,9,2008,7071.1
57.3,-7.4,1969-12-31,12,1969,7071.1
53.631308,-2.228303,2007-10-24,10,2007,7071.1
58.1,-5.3,2013-09-13,9,2013,7071.1
56.272707,-5.616364,2002-09-11,9,2002,7.1
53.1,-2.0,2015-09-20,9,2015,7071.1
52.4,-0.6,2005-10-11,10,2005,7071.1
56.329375,-5.376881,2015-10-17,10,2015,7.1
54.7,-2.2,2008-10-03,10,2008,7071.1
54.58746,-6.023579,2020-09-29,9,2020,1627.0
53.5,-2.0,2010-10-09,10,2010,7071.1
50.5,-4.8,2010-11-09,11,2010,7071.1
54.4,-1.2,2021-09-12,9,2021,7071.1
51.9,-4.9,2011-11-18,11,2011,7071.1
53.2,-3.0,2014-11-20,11,2014,7071.1
57.31554,-1.918635,1969-12-31,12,1969,7071.1
51.5,-1.0,2011-11-13,11,2011,7071.1
53.6,-2.4,2014-11-15,11,2014,7071.1
55.5,-3.82,2016-09-18,9,2016,7071.1
54.1,-2.3,2012-10-31,10,2012,7071.1
53.6,-2.2,2006-10-21,10,2006,7071.1
54.23,-4.53,2015-10-20,10,2015,7071.1
52.0,-4.8,2014-11-24,11,2014,7071.1
52.5,-2.6,1969-12-31,12,1969,7071.1
54.3,-2.5,2015-11-04,11,2015,7071.1
54.0,-1.0,2003-09-14,9,2003,7071.1
51.460644,-2.835516,2002-11-17,11,2002,70.7
51.554082,-3.515873,2014-11-08,11,2014,7071.1
51.737238,-3.232347,2014-11-21,11,2014,7071.1
51.3,-2.7,2002-10-19,10,2002,7071.1
57.542149,-5.848211,2012-09-23,9,2012,7.1
52.6,-2.8,2002-10-01,10,2002,7071.1
56.6,-5.7,2019-09-29,9,2019,7071.1
56.248587,-3.308745,2002-10-07,10,2002,1414.2
53.647726,-2.651973,2022-10-11,10,2022,1414.2
51.467561,-3.225066,2009-11-17,11,2009,7071.1
53.631501,-2.077084,2011-09-15,9,2011,7071.1
54.269955,-4.535289,2014-08-17,8,2014,1414.2
56.298967,-5.64375,2023-10-14,10,2023,7.1
54.70999,-1.923918,2006-09-20,9,2006,7071.1
51.441109,-2.65531,2001-10-20,10,2001,70.7
53.631501,-2.077084,2010-10-18,10,2010,7071.1
54.9,-1.7,2010-11-06,11,2010,7071.1
53.631501,-2.077084,2006-10-20,10,2006,7071.1
57.048868,-2.652699,2004-10-04,10,2004,707.1
51.5,-0.6,2008-10-19,10,2008,7071.1
53.31417,-1.579917,2019-09-07,9,2019,7.1
53.631501,-2.077084,2015-11-01,11,2015,7071.1
57.279964,-3.817907,1969-12-31,12,1969,707.1
51.647347,-3.229908,2021-11-07,11,2021,7071.1
52.278009,-3.100718,2007-10-21,10,2007,7071.1
56.248587,-3.308745,2002-10-07,10,2002,1414.2
54.619921,-2.233809,2010-09-25,9,2010,7071.1
58.2,-5.0,2002-11-13,11,2002,7071.1
53.6,-2.1,2014-08-31,8,2014,7071.1
56.324407,-2.858571,2002-10-16,10,2002,1414.2
51.16,0.82,2025-11-17,11,2025,707.1
54.919518,-1.71681,2009-10-12,10,2009,70.7
53.666162,-2.56145,2021-10-22,10,2021,1414.2
57.325403,-2.95652,2005-11-05,11,2005,707.1
51.9,-2.4,2001-10-27,10,2001,7071.1
51.73563,-3.377122,2020-11-05,11,2020,7071.1
51.460644,-2.835516,2009-11-08,11,2009,70.7
51.557454,-3.227481,2008-10-31,10,2008,7071.1
51.6,-3.0,2009-11-19,11,2009,7071.1
53.3,-1.6,2016-10-06,10,2016,7071.1
57.3,-4.5,1969-12-31,12,1969,7071.1
53.6,-2.1,2016-10-22,10,2016,7071.1
51.3,0.2,2002-11-11,11,2002,7071.1
54.195066,-4.461708,2012-11-06,11,2012,707.1
58.065924,-5.010652,2003-09-17,9,2003,707.1
56.476688,-5.561355,2013-09-09,9,2013,7.1
57.24522,-3.733329,1969-12-31,12,1969,707.1
51.44079,-2.709979,2007-11-04,11,2007,70.7
56.892392,-5.790926,2020-10-13,10,2020,7.1
54.0,-1.0,2015-10-08,10,2015,7071.1
50.1,-5.5,1970-01-01,1,1970,7071.1
50.9,-3.5,2009-11-09,11,2009,7071.1
54.32,-4.53,2015-10-20,10,2015,7071.1
53.631501,-2.077084,2009-09-09,9,2009,7071.1
52.913843,1.265407,2001-09-29,9,2001,70.7
51.5,-2.8,2002-11-17,11,2002,7071.1
54.8,-2.0,2009-10-15,10,2009,7071.1
52.3,-2.8,2008-09-19,9,2008,7071.1
54.652913,-5.947004,2022-09-24,9,2022,7.1
51.0,-2.9,2007-10-14,10,2007,7071.1
51.0,-0.9,2005-10-21,10,2005,7071.1
54.1,-2.3,2009-09-28,9,2009,7071.1
54.1,-2.3,2011-09-10,9,2011,7071.1
51.552743,-3.372672,2006-10-19,10,2006,7.1
52.803009,-4.152357,2004-10-17,10,2004,7071.1
52.1,-3.0,2017-10-31,10,2017,7071.1
57.0,-3.4,2010-09-26,9,2010,7071.1
57.1,-3.8,1969-12-31,12,1969,7071.1
55.0,-1.7,2009-10-30,10,2009,7071.1
55.6,-2.1,2017-11-05,11,2017,7071.1
54.0,-1.7,2014-11-04,11,2014,7071.1
51.555857,-3.371684,2005-10-31,10,2005,7071.1
54.70999,-1.923918,2006-06-28,6,2006,7071.1
52.0,-3.0,2012-11-18,11,2012,7071.1
52.366433,-3.249786,2019-10-30,10,2019,7071.1
58.0,-4.2,2006-09-26,9,2006,7071.1
57.517672,-2.026695,1969-12-31,12,1969,707.1
50.3,-4.8,1969-12-31,12,1969,7071.1
52.0,-4.9,2009-11-08,11,2009,7071.1
57.048868,-2.652699,2004-10-04,10,2004,707.1
51.557454,-3.227481,2008-11-12,11,2008,7071.1
51.554082,-3.515873,2021-11-13,11,2021,7071.1
51.467561,-3.225066,2009-11-17,11,2009,7071.1
53.454568,-1.578533,2019-09-07,9,2019,7.1
53.631308,-2.228303,2002-10-20,10,2002,7071.1
53.5,-2.5,2015-10-20,10,2015,7071.1
52.748753,-1.334781,2011-11-13,11,2011,1414.2
53.4,-2.9,2009-10-23,10,2009,7071.1
54.328476,-4.531199,2012-10-25,10,2012,707.1
52.082942,-3.468787,2001-10-13,10,2001,70.7
51.557454,-3.227481,2009-10-28,10,2009,7071.1
50.7,-3.3,2013-11-05,11,2013,7071.1
54.195066,-4.461708,2012-10-27,10,2012,707.1
54.195066,-4.461708,2016-11-07,11,2016,707.1
54.195066,-4.461708,2012-11-06,11,2012,707.1
50.7,-3.3,2009-11-15,11,2009,7071.1
56.450392,-2.828965,2003-10-18,10,2003,1414.2
51.557454,-3.227481,2009-10-28,10,2009,7071.1
52.3,-2.7,2016-11-05,11,2016,7071.1
56.27391,-5.615185,2010-09-28,9,2010,7.1
57.5,-6.7,2011-10-18,10,2011,7071.1
53.3,-1.1,2008-10-18,10,2008,7071.1
55.784291,-6.254672,2024-08-28,8,2024,70.7
54.195489,-4.653382,2013-09-28,9,2013,1414.2
51.73563,-3.377122,2010-08-01,8,2010,7071.1
51.560341,-3.164806,2002-11-07,11,2002,70.7
51.468976,-3.081134,1969-12-31,12,1969,7071.1
53.244563,-2.044166,2007-10-18,10,2007,70.7
54.7,-2.8,2017-10-01,10,2017,7071.1
51.465968,-3.368986,2023-11-22,11,2023,7071.1
51.462254,-3.656783,2005-11-04,11,2005,7071.1
56.741473,-3.775464,1969-12-31,12,1969,707.1
51.645744,-3.374396,2020-11-22,11,2020,7071.1
53.541043,-2.378714,2008-08-23,8,2008,7071.1
50.9,-1.5,2003-10-26,10,2003,7071.1
51.557454,-3.227481,2002-11-07,11,2002,7071.1
54.7,-2.3,2013-09-21,9,2013,7071.1
51.0,-1.4,2002-11-24,11,2002,7071.1
52.3,-1.7,1969-12-31,12,1969,7071.1
52.3,-2.9,2004-09-16,9,2004,7071.1
53.541619,-2.07692,2014-08-29,8,2014,7071.1
59.778122,-2.84771,2011-09-21,9,2011,707.1
56.0,-4.2,2013-09-07,9,2013,7071.1
51.6,-3.0,2008-11-15,11,2008,7071.1
55.0,-4.1,2012-10-06,10,2012,7071.1
51.6,-3.0,2009-10-30,10,2009,7071.1
53.3,-1.1,2010-10-12,10,2010,7071.1
52.2,-3.1,2012-10-04,10,2012,7071.1
52.623222,-1.395775,2016-11-27,11,2016,1414.2
51.738667,-3.08756,2002-10-19,10,2002,7071.1
54.195489,-4.653382,2013-10-27,10,2013,1414.2
50.984659,-0.612354,2005-10-18,10,2005,707.1
52.7,-1.9,2008-10-01,10,2008,7071.1
53.847191,-2.10788,2023-10-16,10,2023,1414.2
51.891212,-2.4446,2007-11-03,11,2007,707.1
50.8,-1.4,2002-10-20,10,2002,7071.1
54.8,-1.4,2006-10-26,10,2006,7071.1
53.2,-3.3,2017-10-31,10,2017,7071.1
52.9,-3.0,2022-09-25,9,2022,7071.1
52.1,-2.3,2007-11-17,11,2007,7071.1
51.1,-3.3,2002-11-24,11,2002,7071.1
52.1,-2.4,2008-10-08,10,2008,7071.1
55.8,-5.1,2012-09-09,9,2012,7071.1
51.557454,-3.227481,2008-11-01,11,2008,7071.1
51.557454,-3.227481,2009-10-26,10,2009,7071.1
53.315236,-1.576454,2019-10-27,10,2019,7.1
53.3,-2.4,2009-10-25,10,2009,7071.1
51.557454,-3.227481,2009-10-26,10,2009,7071.1
54.3,-1.0,2025-08-19,8,2025,7071.1
57.397975,-2.858571,2005-10-01,10,2005,707.1
52.51021,-6.56304,2013-10-07,10,2013,7071.0
50.8,-3.0,1969-12-31,12,1969,7071.1
53.3,-2.4,2013-10-10,10,2013,7071.1
51.557454,-3.227481,2009-10-26,10,2009,7071.1
51.1,-3.2,2002-11-24,11,2002,7071.1
50.9,-2.7,2018-10-28,10,2018,7071.1
52.092857,-3.231177,2001-11-10,11,2001,70.7
54.1,-2.3,2002-10-05,10,2002,7071.1
53.394952,-2.828561,2007-10-22,10,2007,1414.2
51.560118,-2.939038,2009-11-19,11,2009,7071.1
56.231289,-3.243629,2002-11-07,11,2002,1414.2
52.2,-3.0,2001-10-10,10,2001,7071.1
52.2,-3.0,2003-11-19,11,2003,7071.1
52.2,-3.0,2003-11-19,11,2003,7071.1
54.144894,-4.497012,2014-10-05,10,2014,1414.2
57.4,-2.3,2007-09-15,9,2007,7071.1
51.1,0.5,1969-12-31,12,1969,7071.1
51.733844,-3.521882,2004-10-09,10,2004,7071.1
51.160676,0.243161,2019-11-13,11,2019,70.7
51.554082,-3.515873,2015-11-14,11,2015,7071.1
51.7,-2.2,2012-10-25,10,2012,7071.1
54.4,-1.3,2005-10-15,10,2005,7071.1
54.0,-1.0,2003-09-14,9,2003,7071.1
51.1,-3.2,2015-09-24,9,2015,7071.1
51.1,0.3,1969-12-31,12,1969,7071.1
56.625153,-5.311542,2017-10-14,10,2017,70.7
50.7,-3.3,2018-11-10,11,2018,7071.1
54.195066,-4.461708,2012-11-06,11,2012,707.1
57.439373,-6.753501,2011-10-18,10,2011,7.1
56.987787,-3.490928,2002-09-20,9,2002,707.1
50.9,-1.8,2002-12-01,12,2002,7071.1
53.1,-1.9,2002-11-02,11,2002,7071.1
50.9,-3.3,2020-11-23,11,2020,7071.1
51.2,0.2,2005-11-25,11,2005,7071.1
56.248242,-3.341011,2002-10-07,10,2002,1414.2
56.434343,-5.215978,2015-10-30,10,2015,7.1
54.7,-2.2,2009-09-06,9,2009,7071.1
53.451737,-1.926177,2012-08-03,8,2012,7071.1
51.8,-2.7,2007-11-10,11,2007,7071.1
52.33474,-3.270907,2001-10-10,10,2001,707.1
52.730605,-1.30544,2003-10-01,10,2003,1414.2
50.9,-3.8,2005-11-30,11,2005,7071.1
51.441109,-2.65531,2001-10-20,10,2001,70.7
57.455787,-6.747625,2011-10-18,10,2011,7.1
52.9,-2.1,2007-09-30,9,2007,7071.1
54.6,-2.1,2010-09-25,9,2010,7071.1
55.99,-3.46,2025-11-02,11,2025,707.1
55.4,-1.8,2004-10-25,10,2004,7071.1
50.9,-3.6,1970-01-01,1,1970,7071.1
50.0,-5.2,2005-11-27,11,2005,7071.1
54.126622,-4.717858,2016-10-25,10,2016,707.1
54.7,-2.2,2011-09-04,9,2011,7071.1
52.550993,-1.337774,2008-11-02,11,2008,1414.2
57.572061,-4.213981,2020-11-11,11,2020,7.1
53.631501,-2.077084,2010-10-02,10,2010,7071.1
52.11287,-3.519425,2001-10-04,10,2001,70.7
51.231907,-3.779484,2017-11-03,11,2017,7.1
53.541621,-1.926021,2009-10-01,10,2009,7071.1
52.7,-1.3,2024-11-17,11,2024,7071.1
51.0,-2.1,2016-11-06,11,2016,7071.1
52.7,-1.9,2004-10-17,10,2004,7071.1
50.15,-5.71,2016-10-02,10,2016,7071.1
53.002105,-2.224966,2002-10-05,10,2002,7071.1
53.080466,-1.843437,2006-11-04,11,2006,7.1
53.631308,-2.228303,2013-09-28,9,2013,7071.1
53.631308,-2.228303,2009-10-07,10,2009,7071.1
53.407327,-1.617057,2024-09-28,9,2024,7.1
55.85,-4.31,2014-11-01,11,2014,7071.1
57.6,-4.5,2013-09-29,9,2013,7071.1
57.1,-2.8,2016-10-30,10,2016,7071.1
50.8,-2.9,2018-11-18,11,2018,7071.1
54.642148,-5.986783,2018-10-23,10,2018,335.0
54.2,-2.4,2016-10-26,10,2016,7071.1
53.1,-2.2,2001-09-16,9,2001,7071.1
51.743023,-3.402042,2006-11-01,11,2006,7.1
50.9,-2.6,2010-08-26,8,2010,7071.1
57.352835,-2.890755,2005-09-27,9,2005,707.1
54.200147,-4.646014,2011-10-16,10,2011,707.1
53.6,-0.6,2020-10-25,10,2020,7071.1
54.1,-2.2,2012-10-31,10,2012,7071.1
54.603118,-6.036628,2018-10-16,10,2018,887.0
54.59157,-6.020556,2020-09-29,9,2020,863.0
54.200147,-4.646014,2011-10-16,10,2011,707.1
53.5,-0.0,1969-12-31,12,1969,7071.1
50.9,-2.6,2009-11-24,11,2009,7071.1
57.445347,-2.343192,2007-09-15,9,2007,707.1
53.6,-0.6,1970-01-01,1,1970,7071.1
54.155258,-4.643148,2015-08-20,8,2015,707.1
57.46444,-4.288172,2024-09-16,9,2024,7.1
53.449281,-2.769388,2003-10-12,10,2003,1414.2
53.164951,-4.020829,2004-10-08,10,2004,7071.1
54.615262,-6.003163,2022-10-26,10,2022,70.7
53.2,-2.7,2001-10-31,10,2001,7071.1
53.631308,-2.228303,2012-10-18,10,2012,7071.1
51.9,-2.0,2011-11-20,11,2011,7071.1
53.9,-1.7,2012-09-20,9,2012,7071.1
51.994185,-4.776154,2009-09-25,9,2009,707.1
51.539963,-3.223405,2002-11-15,11,2002,70.7
53.9,-1.7,2006-09-30,9,2006,7071.1
55.9,-3.6,2005-10-02,10,2005,7071.1
53.7,-2.1,2019-11-03,11,2019,7071.1
51.9,0.2,2004-10-28,10,2004,7071.1
54.1,-2.0,2011-10-15,10,2011,7071.1
53.9,-1.6,2001-10-28,10,2001,7071.1
54.3,-1.1,2023-11-04,11,2023,7071.1
51.1,-3.3,2009-10-31,10,2009,7071.1
51.4,-2.7,2007-10-11,10,2007,7071.1
57.595839,-3.716518,2013-09-23,9,2013,707.1
55.76,-4.31,2016-10-26,10,2016,7071.1
53.313782,-1.600544,2014-10-11,10,2014,0.7
52.694097,-1.217241,2016-10-27,10,2016,1414.2
51.849324,-3.925047,2001-10-28,10,2001,707.1
51.557454,-3.227481,2009-10-18,10,2009,7071.1
53.6,-2.1,2006-10-20,10,2006,7071.1
57.247033,-2.5402,2001-10-13,10,2001,707.1
52.5,-2.4,2003-12-26,12,2003,7071.1
57.866082,-3.78441,2020-10-30,10,2020,7.1
51.462254,-3.656783,2005-10-18,10,2005,7071.1
51.737238,-3.232347,2014-09-02,9,2014,7071.1
51.1,0.3,2007-11-09,11,2007,7071.1
56.6,-5.8,2016-10-11,10,2016,7071.1
52.730605,-1.30544,2002-09-22,9,2002,1414.2
54.3,-2.9,2018-09-28,9,2018,7071.1
53.2,-2.0,2007-11-04,11,2007,7071.1
53.631501,-2.077084,2006-10-20,10,2006,7071.1
57.182883,-6.080636,2011-10-20,10,2011,7.1
53.631501,-2.077084,2005-09-08,9,2005,7071.1
53.631501,-2.077084,2014-08-31,8,2014,7071.1
57.32049,-7.335574,2013-09-25,9,2013,70.7
51.554082,-3.515873,2019-10-21,10,2019,7071.1
54.0,-1.9,2008-10-30,10,2008,7071.1
53.631308,-2.228303,2006-10-21,10,2006,7071.1
53.2,-0.6,1969-12-31,12,1969,7071.1
55.4,-1.7,2004-10-25,10,2004,7071.1
53.631308,-2.228303,2006-10-21,10,2006,7071.1
51.994185,-4.776154,2012-10-30,10,2012,707.1
51.555857,-3.371684,2007-11-11,11,2007,7071.1
57.984689,-4.141027,2006-09-26,9,2006,707.1
52.712451,-1.276123,2009-10-24,10,2009,1414.2
51.9,-2.4,2013-11-23,11,2013,7071.1
50.9,-3.3,2014-11-06,11,2014,7071.1
50.7,-3.8,2009-10-10,10,2009,7071.1
50.9,-1.4,2002-11-03,11,2002,7071.1
53.5,-2.0,2009-10-01,10,2009,7071.1
51.3,-2.7,2001-10-13,10,2001,7071.1
53.9,-1.8,2013-11-09,11,2013,7071.1
53.6,-2.2,2006-10-16,10,2006,7071.1
50.3,-5.1,2012-01-07,1,2012,7071.1
50.4,-4.9,2010-11-23,11,2010,7071.1
54.0,-0.9,1969-12-31,12,1969,7071.1
50.5,-4.7,2010-10-17,10,2010,7071.1
54.1,-0.9,2007-11-08,11,2007,7071.1
53.9,-1.8,2015-10-10,10,2015,7071.1
53.9,-1.8,2003-09-15,9,2003,7071.1
54.7,-2.2,2009-10-05,10,2009,7071.1
54.158215,-4.71227,2013-09-17,9,2013,1414.2
52.730605,-1.30544,2003-11-16,11,2003,1414.2
51.557454,-3.227481,2006-10-27,10,2006,7071.1
51.557454,-3.227481,2008-11-12,11,2008,7071.1
51.557454,-3.227481,2009-10-08,10,2009,7071.1
51.557454,-3.227481,2008-11-01,11,2008,7071.1
53.312362,-4.295752,2002-10-31,10,2002,70.7
54.214262,-4.401497,2020-08-31,8,2020,707.1
53.6663,-2.531182,2023-10-01,10,2023,1414.2
53.3,-2.0,2012-10-06,10,2012,7071.1
58.0,-4.1,2006-09-26,9,2006,7071.1
54.0,-1.9,2024-11-05,11,2024,7071.1
53.7,-1.7,2016-10-22,10,2016,7071.1
56.522897,-5.501444,2019-10-15,10,2019,7.1
51.648772,-3.085407,2016-11-05,11,2016,7071.1
50.8,-2.9,2013-11-02,11,2013,7071.1
52.0,-4.8,2010-11-10,11,2010,7071.1
50.9,-1.4,2017-11-19,11,2017,7071.1
57.2,-3.8,1969-12-31,12,1969,7071.1
54.0,-2.4,1969-12-31,12,1969,7071.1
55.9,-3.4,1969-12-31,12,1969,7071.1
51.9,-5.2,2011-09-30,9,2011,7071.1
57.452458,-4.237332,2021-10-20,10,2021,70.7
51.325298,-2.772776,2020-10-11,10,2020,70.7
54.144894,-4.497012,2014-10-05,10,2014,1414.2
52.025198,-3.554347,2001-10-13,10,2001,70.7
51.9,-2.4,2016-10-22,10,2016,7071.1
57.163005,-3.828699,2009-09-14,9,2009,707.1
52.4,-2.5,2005-09-24,9,2005,7071.1
53.6,-2.1,2007-09-23,9,2007,7071.1
53.9,-1.9,2024-10-18,10,2024,7071.1
50.771264,-2.554433,1969-12-31,12,1969,1414.2
51.741885,-2.653137,2006-10-30,10,2006,7071.1
52.11287,-3.519425,2001-10-01,10,2001,70.7
51.7,-5.0,2007-11-01,11,2007,7071.1
53.0,-2.2,2002-10-05,10,2002,7071.1
57.2,-2.7,2007-09-30,9,2007,7071.1
54.6,-3.1,2012-10-27,10,2012,7071.1
53.541621,-1.926021,2009-10-01,10,2009,7071.1
52.3,-2.8,2012-10-17,10,2012,7071.1
51.741885,-2.653137,2007-10-08,10,2007,7071.1
54.589605,-6.027854,2019-10-01,10,2019,98.0
51.1,-3.3,2013-10-12,10,2013,7071.1
54.9,-1.7,2004-10-07,10,2004,7071.1
51.645744,-3.374396,2005-10-13,10,2005,7071.1
51.560356,-3.163363,2002-11-07,11,2002,70.7
51.048645,-0.194564,2005-10-17,10,2005,70.7
53.666016,-2.591717,2022-10-19,10,2022,1414.2
54.0,-1.0,2008-10-08,10,2008,7071.1
54.0,-1.6,2001-10-05,10,2001,7071.1
56.385435,-5.53613,2015-10-26,10,2015,7.1
54.2,-1.1,2007-10-23,10,2007,7071.1
51.555857,-3.371684,2005-10-28,10,2005,7071.1
54.155258,-4.643148,2011-08-19,8,2011,707.1
51.6,-0.6,2017-10-08,10,2017,7071.1
53.3,-2.7,2005-12-31,12,2005,7071.1
53.3,-2.5,2015-10-31,10,2015,7071.1
53.4,-2.8,2004-10-24,10,2004,7071.1
51.650019,-2.940895,2008-10-29,10,2008,7071.1
51.557454,-3.227481,2008-11-12,11,2008,7071.1
51.537311,-3.219008,2002-11-07,11,2002,70.7
53.1,-2.2,2001-09-28,9,2001,7071.1
57.323304,-7.343469,2017-09-19,9,2017,707.1
54.061305,-2.627879,2024-10-22,10,2024,1414.2
54.1,-0.9,2015-09-30,9,2015,7071.1
51.557454,-3.227481,2009-10-26,10,2009,7071.1
57.4,-6.6,2019-09-13,9,2019,7071.1
52.5,-2.0,2012-10-25,10,2012,7071.1
50.5,-4.6,2014-09-02,9,2014,7071.1
58.3,-5.0,2020-07-31,7,2020,7071.1
51.648772,-3.085407,2018-09-25,9,2018,7071.1
52.0,-3.0,2006-11-12,11,2006,7071.1
52.4,-2.0,1969-12-31,12,1969,7071.1
53.316431,-1.639126,2014-11-04,11,2014,0.7
50.5,-4.4,2010-11-10,11,2010,7071.1
53.630924,-2.379519,2012-10-13,10,2012,7071.1
50.2,-5.3,2009-11-17,11,2009,7071.1
53.1,-1.9,2001-10-14,10,2001,7071.1
54.919518,-1.71681,2009-10-12,10,2009,70.7
53.6,-2.3,2020-10-04,10,2020,7071.1
53.1,-3.2,2016-09-07,9,2016,7071.1
51.560118,-2.939038,2009-10-30,10,2009,7071.1
51.0,-0.6,2005-10-18,10,2005,7071.1
52.4,-2.4,2006-08-26,8,2006,7071.1
54.1,-1.0,2005-10-14,10,2005,7071.1
50.5,-4.0,2003-10-05,10,2003,7071.1
57.172223,-3.812613,1969-12-31,12,1969,707.1
54.3,-2.5,2009-11-21,11,2009,7071.1
51.8,-5.1,2009-11-04,11,2009,7071.1
54.153898,-4.704329,2015-10-23,10,2015,707.1
56.450521,-5.404677,2012-10-06,10,2012,7.1
50.8,-2.9,2005-11-12,11,2005,7071.1
51.3,-2.9,2021-10-10,10,2021,7071.1
53.4,-1.9,2010-10-24,10,2010,7071.1
54.4,-2.9,2015-10-29,10,2015,7071.1
53.376317,-2.918391,2009-10-23,10,2009,1414.2
51.0,-4.1,2009-10-07,10,2009,7071.1
58.746696,-2.977114,2002-08-29,8,2002,70.7
51.828561,-3.089724,2007-10-07,10,2007,7071.1
51.828561,-3.089724,2018-10-20,10,2018,7071.1
54.1,-1.7,2013-10-30,10,2013,7071.1
52.7,-1.2,2016-10-27,10,2016,7071.1
50.0,-5.2,2016-11-13,11,2016,7071.1
53.631308,-2.228303,2006-10-16,10,2006,7071.1
54.1,-1.9,2007-07-17,7,2007,7071.1
57.629511,-4.476025,2013-09-29,9,2013,70.7
51.9,-2.7,2011-09-20,9,2011,7071.1
50.35,-4.17,2025-11-09,11,2025,707.1
54.3,-2.5,2006-10-04,10,2006,7071.1
54.292562,-4.528995,2015-10-19,10,2015,707.1
53.259498,-3.725431,2021-09-26,9,2021,7071.1
50.8,-2.7,2023-11-11,11,2023,7071.1
51.3,-2.6,2025-11-02,11,2025,7071.1
52.5,-2.0,2012-01-12,1,2012,7071.1
51.1,-3.1,2002-11-23,11,2002,7071.1
57.21368,-3.740129,1969-12-31,12,1969,7071.1
58.063042,-5.324991,2013-09-13,9,2013,70.7
52.5,-2.6,2003-09-27,9,2003,7071.1
52.693898,-1.187652,2011-10-30,10,2011,1414.2
52.2,-3.0,2008-10-26,10,2008,7071.1
50.8,-2.9,2011-12-04,12,2011,7071.1
57.099353,-3.132256,2008-08-24,8,2008,707.1
56.547335,-5.450644,2021-11-14,11,2021,7.1
51.557454,-3.227481,2008-11-12,11,2008,7071.1
53.2,-3.2,2016-11-03,11,2016,7071.1
52.0,-0.7,2001-10-06,10,2001,7071.1
54.200147,-4.646014,2015-10-17,10,2015,707.1
56.663745,-5.037501,2016-11-02,11,2016,7.1
53.455053,-1.576044,2014-10-20,10,2014,70.7
52.1,-2.3,2009-11-02,11,2009,7071.1
52.1,-2.3,2007-10-29,10,2007,7071.1
51.73563,-3.377122,2003-10-05,10,2003,7071.1
50.7,-3.3,2017-11-11,11,2017,7071.1
56.477467,-5.55298,2016-11-05,11,2016,7.1
52.982668,-4.16128,2004-10-09,10,2004,7071.1
53.0,1.1,2020-11-03,11,2020,7071.1
52.065423,0.989329,2008-10-27,10,2008,1414.2
50.7,-1.8,1969-12-31,12,1969,7071.1
51.557454,-3.227481,2009-11-17,11,2009,7071.1
51.8,-4.7,2013-10-30,10,2013,7071.1
53.5,-2.0,2007-10-15,10,2007,7071.1
53.4,-2.9,2020-09-08,9,2020,7071.1
51.6,-0.2,2002-01-10,1,2002,7071.1
51.7,-4.8,2007-10-29,10,2007,7071.1
51.560118,-2.939038,2009-10-19,10,2009,7071.1
52.3,-3.6,2017-10-10,10,2017,7071.1
51.637557,-3.952192,2021-08-23,8,2021,7071.1
52.5,-2.0,2012-10-06,10,2012,7071.1
50.2,-5.7,2010-11-01,11,2010,7071.1
51.8,-4.9,2007-10-01,10,2007,7071.1
51.1,-2.3,2005-10-09,10,2005,7071.1
54.14,-4.68,2015-10-23,10,2015,7071.1
54.328476,-4.531199,2012-10-25,10,2012,707.1
56.529574,-5.468548,2017-11-05,11,2017,7.1
50.9,-3.5,2009-11-07,11,2009,7071.1
54.9,-2.0,2007-10-16,10,2007,7071.1
50.58412,-3.73348,2024-10-21,10,2024,5.0
56.0,-4.4,2019-09-07,9,2019,7071.1
54.3,-2.5,2005-11-16,11,2005,7071.1
54.2,-2.8,2004-10-23,10,2004,7071.1
52.65376,-0.715338,2006-10-08,10,2006,1414.2
54.556493,-5.588627,2025-10-22,10,2025,70.7
54.275245,-4.497211,2015-10-20,10,2015,707.1
50.8,-2.9,2012-10-13,10,2012,7071.1
50.8,-2.9,2007-10-14,10,2007,7071.1
50.8,-2.9,2010-10-17,10,2010,7071.1
54.0,-1.0,2005-10-11,10,2005,7071.1
52.908071,1.262741,2007-10-13,10,2007,707.1
50.4,-4.2,1969-12-31,12,1969,7071.1
55.85,-4.31,2014-11-01,11,2014,7071.1
50.8,-1.6,1969-12-31,12,1969,7071.1
50.7,-3.3,2016-11-12,11,2016,7071.1
51.5,-2.8,2020-10-17,10,2020,7071.1
50.9,-2.6,2008-09-08,9,2008,7071.1
52.0,-4.8,2013-11-08,11,2013,7071.1
54.9,-1.8,2009-10-28,10,2009,7071.1
55.85,-4.31,2014-10-25,10,2014,7071.1
57.2,-6.0,2011-10-17,10,2011,7071.1
56.479541,-5.402079,2021-11-04,11,2021,7.1
51.737238,-3.232347,2015-09-27,9,2015,7071.1
54.590979,-6.024566,2020-10-11,10,2020,233.0
54.9,-2.0,2021-09-26,9,2021,7071.1
52.694473,-1.27642,2012-10-28,10,2012,1414.2
54.107041,-4.58653,2013-10-23,10,2013,1414.2
55.0,-1.8,2008-10-12,10,2008,7071.1
53.9,-2.1,2009-08-13,8,2009,7071.1
55.99,-3.46,2025-11-02,11,2025,707.1
53.1,-1.9,2002-10-15,10,2002,7071.1
54.9,-2.5,2009-08-16,8,2009,7071.1
53.5,-1.9,2011-08-29,8,2011,7071.1
58.987144,-2.949987,2011-09-19,9,2011,707.1
52.3,-1.7,2010-09-05,9,2010,7071.1
51.632153,-3.81252,1969-12-31,12,1969,70.7
54.0,-1.2,2009-11-04,11,2009,7071.1
52.5,-2.7,2019-10-19,10,2019,7071.1
54.889719,-1.923581,2008-10-07,10,2008,7071.1
56.744522,-3.546682,1969-12-31,12,1969,707.1
53.541619,-2.07692,2011-09-21,9,2011,7071.1
54.99429,-6.107828,2023-10-23,10,2023,70.7
56.454421,-6.050883,2020-09-26,9,2020,707.1
52.938467,-3.086905,2005-10-25,10,2005,70.7
57.2,-3.8,1969-12-31,12,1969,7071.1
51.4,-2.7,2007-10-20,10,2007,7071.1
54.6,-2.8,2019-10-20,10,2019,7071.1
54.7,-2.0,2011-09-02,9,2011,7071.1
57.2,-3.7,2003-09-20,9,2003,7071.1
53.164951,-4.020829,2004-10-16,10,2004,7071.1
51.2,-3.8,2020-11-04,11,2020,7071.1
51.650019,-2.940895,2008-11-15,11,2008,7071.1
50.9,-1.8,2010-10-10,10,2010,7071.1
56.2,-3.3,1969-12-31,12,1969,7071.1
52.0,-2.3,2008-09-07,9,2008,7071.1
53.611607,-2.681646,2012-07-05,7,2012,1414.2
51.465968,-3.368986,2012-09-30,9,2012,7071.1
52.0,-2.5,1969-12-31,12,1969,7071.1
53.3,-2.5,2022-10-22,10,2022,7071.1
54.4,-0.7,2014-09-21,9,2014,7071.1
54.8,-2.1,2010-11-07,11,2010,7071.1
53.9,-1.8,2011-09-24,9,2011,7071.1
53.2,-0.6,1969-12-31,12,1969,7071.1
51.5,-0.5,2007-10-17,10,2007,7071.1
50.8,-1.6,2001-09-28,9,2001,7071.1
57.2,-6.1,2011-10-20,10,2011,7071.1
51.650019,-2.940895,2008-11-15,11,2008,7071.1
53.091996,-2.225435,2001-09-16,9,2001,7071.1
54.7,-3.3,2011-10-10,10,2011,7071.1
51.557454,-3.227481,2008-11-12,11,2008,7071.1
57.70567,-4.485001,2021-10-10,10,2021,7.1
57.189698,-3.846567,1969-12-31,12,1969,707.1
52.712959,-1.364931,2024-10-15,10,2024,1414.2
54.4,-2.5,2005-10-06,10,2005,7071.1
54.3,-0.7,2009-10-13,10,2009,7071.1
53.9,-2.5,2002-09-21,9,2002,7071.1
57.180291,-6.06909,2011-10-20,10,2011,7.1
52.3,-2.8,2017-01-12,1,2017,7071.1
55.0,-1.5,2010-10-26,10,2010,7071.1
54.0,-1.6,2001-10-03,10,2001,7071.1
54.0,-1.6,2002-11-09,11,2002,7071.1
53.5,-1.9,2012-10-20,10,2012,7071.1
52.739184,-1.311969,2021-11-07,11,2021,70.7
53.2,-4.2,1969-12-31,12,1969,7071.1
50.6,-3.8,2018-10-21,10,2018,7071.1
52.83,0.82,2025-07-23,7,2025,707.1
53.092002,-1.77747,2008-10-19,10,2008,7071.1
51.1,0.6,2004-11-05,11,2004,7071.1
52.0,-4.7,2016-10-08,10,2016,7071.1
54.524745,-0.842726,2010-10-08,10,2010,7071.1
54.140945,-4.680516,2014-11-16,11,2014,1414.2
51.737238,-3.232347,2011-09-25,9,2011,7071.1
53.451737,-1.926177,2014-10-19,10,2014,7071.1
57.099353,-3.132256,2008-08-23,8,2008,707.1
53.092002,-1.77747,2001-10-14,10,2001,7071.1
52.0,-3.0,2017-11-15,11,2017,7071.1
55.2,-2.3,2014-09-03,9,2014,7071.1
53.0,-3.0,2019-10-22,10,2019,7071.1
51.8,-2.5,2001-09-23,9,2001,7071.1
53.04,-3.05,2025-10-12,10,2025,707.1
51.3,0.2,1969-12-31,12,1969,7071.1
50.7,-3.4,2010-10-17,10,2010,7071.1
53.6,-0.6,1969-12-31,12,1969,7071.1
50.8,-3.5,2014-08-31,8,2014,7071.1
50.9,-3.5,2007-12-11,12,2007,7071.1
52.3,-2.8,2019-10-06,10,2019,7071.1
54.8,-3.1,2019-09-05,9,2019,7071.1
52.9,-1.2,2010-09-20,9,2010,7071.1
51.8,-2.7,2007-10-08,10,2007,7071.1
50.4,-5.0,2010-11-21,11,2010,7071.1
54.4,-1.0,2021-10-24,10,2021,7071.1
51.9,-2.4,2006-11-04,11,2006,7071.1
51.557454,-3.227481,2009-10-26,10,2009,7071.1
51.557454,-3.227481,2008-11-11,11,2008,7071.1
54.3,-1.0,2024-11-03,11,2024,7071.1
52.6,-1.4,2016-11-27,11,2016,7071.1
52.694097,-1.217241,2013-11-13,11,2013,1414.2
51.117357,0.57758,2005-10-20,10,2005,707.1
53.631308,-2.228303,2009-10-13,10,2009,7071.1
51.557454,-3.227481,2008-11-12,11,2008,7071.1
57.505413,-6.171927,2011-10-19,10,2011,7.1
54.8,-2.0,2008-08-30,8,2008,7071.1
54.7,-2.1,2008-10-03,10,2008,7071.1
53.9,-2.1,2021-10-25,10,2021,7071.1
51.374315,-3.509927,2013-11-19,11,2013,7071.1
54.200147,-4.646014,2019-10-24,10,2019,707.1
52.3,-1.8,1969-12-31,12,1969,7071.1
53.3,-2.9,2006-10-22,10,2006,7071.1
52.8,-3.1,2025-10-09,10,2025,7071.1
51.6,-0.1,2004-10-31,10,2004,7071.1
52.32,0.55,2025-11-01,11,2025,1000.0
55.4,-4.5,2016-10-23,10,2016,7071.1
51.73188,-3.666627,2022-10-03,10,2022,7071.1
54.162852,-4.498093,2014-11-30,11,2014,1414.2
53.2,-2.5,2011-10-22,10,2011,7071.1
54.042996,-2.688688,2023-11-24,11,2023,1414.2
54.3,-1.0,2025-11-02,11,2025,7071.1
51.737238,-3.232347,2020-10-12,10,2020,7071.1
51.733844,-3.521882,2005-10-18,10,2005,7071.1
54.530254,-2.078773,2008-09-18,9,2008,7071.1
57.456196,-4.229225,2022-10-28,10,2022,70.7
53.3165,-1.578093,2019-09-07,9,2019,7.1
57.187683,-3.830746,2012-10-05,10,2012,70.7
54.1,-0.9,2007-11-06,11,2007,7071.1
51.0,-0.2,1969-12-31,12,1969,7071.1
53.6,-2.1,2015-11-01,11,2015,7071.1
52.053992,-3.619521,2001-09-29,9,2001,70.7
57.0,-3.4,2012-09-29,9,2012,7071.1
54.124998,-4.587649,2013-10-23,10,2013,1414.2
51.9,-4.7,2011-11-04,11,2011,7071.1
56.864747,-3.239976,2001-09-28,9,2001,707.1
51.459775,-2.693001,2020-11-22,11,2020,70.7
54.0,-1.6,2002-11-15,11,2002,7071.1
56.49297,-5.564182,2015-11-02,11,2015,7.1
52.1,1.0,2008-10-27,10,2008,7071.1
52.11287,-3.519425,2001-10-06,10,2001,70.7
54.061305,-2.627879,2024-10-22,10,2024,1414.2
54.4,-2.3,2004-11-12,11,2004,7071.1
52.3,-2.8,2004-11-17,11,2004,7071.1
54.4,-2.5,2009-08-19,8,2009,7071.1
55.0,-2.5,2021-10-09,10,2021,7071.1
51.557454,-3.227481,2002-11-12,11,2002,7071.1
54.1,-2.2,2014-11-11,11,2014,7071.1
53.312522,-1.613553,2014-09-27,9,2014,0.7
52.093349,-3.534089,2012-10-07,10,2012,7071.1
50.870549,-3.173105,2024-11-13,11,2024,70.7
50.4,-5.0,2010-11-21,11,2010,7071.1
51.557454,-3.227481,2008-11-18,11,2008,7071.1
53.631501,-2.077084,2010-10-04,10,2010,7071.1
53.8,-1.5,2001-09-30,9,2001,7071.1
54.7,-2.3,2008-10-09,10,2008,7071.1
54.7,-2.3,2009-09-25,9,2009,7071.1
58.1,-5.2,2003-10-02,10,2003,7071.1
54.1,-2.3,2016-10-05,10,2016,7071.1
52.3,-2.7,2001-11-24,11,2001,7071.1
54.195489,-4.653382,2012-10-17,10,2012,1414.2
51.555857,-3.371684,2007-11-11,11,2007,7071.1
56.357978,-3.150643,2001-10-11,10,2001,1414.2
54.061305,-2.627879,2024-10-22,10,2024,1414.2
55.5,-2.1,2021-09-11,9,2021,7071.1
50.9,-1.7,2021-11-07,11,2021,7071.1
58.4,-3.4,2022-08-19,8,2022,7071.1
52.748915,-1.364408,2009-10-18,10,2009,1414.2
51.650019,-2.940895,2008-11-15,11,2008,7071.1
54.065812,-4.622176,2019-10-11,10,2019,707.1
56.997534,-3.425469,2002-09-21,9,2002,707.1
53.2,-4.0,1969-12-31,12,1969,7071.1
54.1,-2.4,2011-10-15,10,2011,7071.1
52.1,-1.5,1969-12-31,12,1969,7071.1
57.070448,-4.005597,2001-09-12,9,2001,707.1
52.938467,-3.086905,2005-10-25,10,2005,70.7
51.19,-3.79,2017-11-03,11,2017,7071.1
52.748583,-1.305154,2009-11-15,11,2009,1414.2
56.342594,-2.826625,2023-07-27,7,2023,1414.2
56.76546,-3.972938,1969-12-31,12,1969,707.1
53.310302,-1.633609,2014-09-17,9,2014,0.7
57.984403,-4.157926,2006-09-26,9,2006,707.1
58.237139,-4.991076,2002-11-13,11,2002,707.1
53.4,-0.8,1969-12-31,12,1969,7071.1
54.1,-2.0,2010-09-22,9,2010,7071.1
50.9,-2.7,2020-10-28,10,2020,7071.1
54.4,-2.9,2016-11-03,11,2016,7071.1
50.8,-2.9,2022-11-23,11,2022,7071.1
50.156,-5.0711,2011-03-02,3,2011,7071.0
50.9,-2.6,2007-10-25,10,2007,7071.1
53.4,-0.3,2010-09-13,9,2010,7071.1
53.0,-3.2,2018-10-19,10,2018,7071.1
52.1,-2.3,2007-10-29,10,2007,7071.1
53.16232,-4.170299,2004-10-18,10,2004,7071.1
53.0,-1.2,2017-09-23,9,2017,7071.1
51.462254,-3.656783,2015-10-25,10,2015,7071.1
53.541619,-2.07692,2011-11-16,11,2011,7071.1
53.0,-3.2,2016-11-01,11,2016,7071.1
52.935757,-3.088325,2005-10-25,10,2005,70.7
56.465502,-5.296075,2016-11-01,11,2016,7.1
54.2,-4.6,2015-10-17,10,2015,7071.1
52.7,-1.3,2016-11-19,11,2016,7071.1
51.1,-2.3,2009-10-17,10,2009,7071.1
50.8,-2.9,2021-11-13,11,2021,7071.1
52.2,-3.1,2012-11-06,11,2012,7071.1
54.3,-4.5,2015-10-20,10,2015,7071.1
55.05828,-2.23775,2011-11-21,11,2011,7071.0
54.6,-2.2,2016-10-30,10,2016,7071.1
52.5,-2.0,2016-10-15,10,2016,7071.1
53.3,-1.6,2015-11-26,11,2015,7071.1
54.1,-2.4,1969-12-31,12,1969,7071.1
50.9,-1.6,2005-10-09,10,2005,7071.1
54.6,-1.8,2008-10-15,10,2008,7071.1
54.1,-2.3,2011-08-07,8,2011,7071.1
56.29698,-5.644046,2013-09-27,9,2013,7.1
54.195489,-4.653382,2013-10-13,10,2013,1414.2
51.5,-2.8,2021-10-05,10,2021,7071.1
56.249573,-3.211944,2001-10-26,10,2001,1414.2
51.4,-2.7,2007-10-11,10,2007,7071.1
57.067584,-2.488115,2004-09-26,9,2004,707.1
50.7,-3.3,2021-11-06,11,2021,7071.1
56.880787,-3.421021,1969-12-31,12,1969,707.1
58.922594,-3.156625,2011-09-20,9,2011,707.1
54.601961,-6.037557,2018-10-22,10,2018,336.0
52.001492,-3.676625,2013-10-19,10,2013,7071.1
51.3,0.2,1969-12-31,12,1969,7071.1
51.804377,-3.127576,2007-10-23,10,2007,70.7
52.1,-2.4,2008-10-08,10,2008,7071.1
54.0,-1.6,2001-11-03,11,2001,7071.1
51.557454,-3.227481,2008-11-12,11,2008,7071.1
53.2,-3.2,2016-11-03,11,2016,7071.1
52.0,-0.7,2001-10-06,10,2001,7071.1
54.200147,-4.646014,2015-10-17,10,2015,707.1
56.663745,-5.037501,2016-11-02,11,2016,7.1
53.455053,-1.576044,2014-10-20,10,2014,70.7
52.1,-2.3,2009-11-02,11,2009,7071.1
52.1,-2.3,2007-10-29,10,2007,7071.1
51.73563,-3.377122,2003-10-05,10,2003,7071.1
50.7,-3.3,2017-11-11,11,2017,7071.1
56.477467,-5.55298,2016-11-05,11,2016,7.1
52.982668,-4.16128,2004-10-09,10,2004,7071.1
53.0,1.1,2020-11-03,11,2020,7071.1
52.065423,0.989329,2008-10-27,10,2008,1414.2
50.7,-1.8,1969-12-31,12,1969,7071.1
51.557454,-3.227481,2009-11-17,11,2009,7071.1
51.8,-4.7,2013-10-30,10,2013,7071.1
53.5,-2.0,2007-10-15,10,2007,7071.1
53.4,-2.9,2020-09-08,9,2020,7071.1
51.6,-0.2,2002-01-10,1,2002,7071.1
51.7,-4.8,2007-10-29,10,2007,7071.1
51.560118,-2.939038,2009-10-19,10,2009,7071.1
52.3,-3.6,2017-10-10,10,2017,7071.1
51.637557,-3.952192,2021-08-23,8,2021,7071.1
52.5,-2.0,2012-10-06,10,2012,7071.1
50.2,-5.7,2010-11-01,11,2010,7071.1
51.8,-4.9,2007-10-01,10,2007,7071.1
51.1,-2.3,2005-10-09,10,2005,7071.1
54.14,-4.68,2015-10-23,10,2015,7071.1
54.328476,-4.531199,2012-10-25,10,2012,707.1
56.529574,-5.468548,2017-11-05,11,2017,7.1
50.9,-3.5,2009-11-07,11,2009,7071.1
54.9,-2.0,2007-10-16,10,2007,7071.1
50.58412,-3.73348,2024-10-21,10,2024,5.0
56.0,-4.4,2019-09-07,9,2019,7071.1
54.3,-2.5,2005-11-16,11,2005,7071.1
54.2,-2.8,2004-10-23,10,2004,7071.1
52.65376,-0.715338,2006-10-08,10,2006,1414.2
54.556493,-5.588627,2025-10-22,10,2025,70.7
54.275245,-4.497211,2015-10-20,10,2015,707.1
50.8,-2.9,2012-10-13,10,2012,7071.1
50.8,-2.9,2007-10-14,10,2007,7071.1
50.8,-2.9,2010-10-17,10,2010,7071.1
54.0,-1.0,2005-10-11,10,2005,7071.1
52.908071,1.262741,2007-10-13,10,2007,707.1
50.4,-4.2,1969-12-31,12,1969,7071.1
55.85,-4.31,2014-11-01,11,2014,7071.1
50.8,-1.6,1969-12-31,12,1969,7071.1
50.7,-3.3,2016-11-12,11,2016,7071.1
51.5,-2.8,2020-10-17,10,2020,7071.1
50.9,-2.6,2008-09-08,9,2008,7071.1
52.0,-4.8,2013-11-08,11,2013,7071.1
54.9,-1.8,2009-10-28,10,2009,7071.1
55.85,-4.31,2014-10-25,10,2014,7071.1
57.2,-6.0,2011-10-17,10,2011,7071.1
56.479541,-5.402079,2021-11-04,11,2021,7.1
51.737238,-3.232347,2015-09-27,9,2015,7071.1
54.590979,-6.024566,2020-10-11,10,2020,233.0
54.9,-2.0,2021-09-26,9,2021,7071.1
52.694473,-1.27642,2012-10-28,10,2012,1414.2
54.107041,-4.58653,2013-10-23,10,2013,1414.2
55.0,-1.8,2008-10-12,10,2008,7071.1
53.9,-2.1,2009-08-13,8,2009,7071.1
55.99,-3.46,2025-11-02,11,2025,707.1
53.1,-1.9,2002-10-15,10,2002,7071.1
54.9,-2.5,2009-08-16,8,2009,7071.1
53.5,-1.9,2011-08-29,8,2011,7071.1
58.987144,-2.949987,2011-09-19,9,2011,707.1
52.3,-1.7,2010-09-05,9,2010,7071.1
51.632153,-3.81252,1969-12-31,12,1969,70.7
54.0,-1.2,2009-11-04,11,2009,7071.1
52.5,-2.7,2019-10-19,10,2019,7071.1
54.889719,-1.923581,2008-10-07,10,2008,7071.1
56.744522,-3.546682,1969-12-31,12,1969,707.1
53.541619,-2.07692,2011-09-21,9,2011,7071.1
54.99429,-6.107828,2023-10-23,10,2023,70.7
56.454421,-6.050883,2020-09-26,9,2020,707.1
52.938467,-3.086905,2005-10-25,10,2005,70.7
57.2,-3.8,1969-12-31,12,1969,7071.1
51.4,-2.7,2007-10-20,10,2007,7071.1
54.6,-2.8,2019-10-20,10,2019,7071.1
54.7,-2.0,2011-09-02,9,2011,7071.1
57.2,-3.7,2003-09-20,9,2003,7071.1
53.164951,-4.020829,2004-10-16,10,2004,7071.1
51.2,-3.8,2020-11-04,11,2020,7071.1
51.650019,-2.940895,2008-11-15,11,2008,7071.1
50.9,-1.8,2010-10-10,10,2010,7071.1
56.2,-3.3,1969-12-31,12,1969,7071.1
52.0,-2.3,2008-09-07,9,2008,7071.1
53.611607,-2.681646,2012-07-05,7,2012,1414.2
51.465968,-3.368986,2012-09-30,9,2012,7071.1
52.0,-2.5,1969-12-31,12,1969,7071.1
53.3,-2.5,2022-10-22,10,2022,7071.1
54.4,-0.7,2014-09-21,9,2014,7071.1
54.8,-2.1,2010-11-07,11,2010,7071.1
53.9,-1.8,2011-09-24,9,2011,7071.1
53.2,-0.6,1969-12-31,12,1969,7071.1
51.5,-0.5,2007-10-17,10,2007,7071.1
50.8,-1.6,2001-09-28,9,2001,7071.1
57.2,-6.1,2011-10-20,10,2011,7071.1
51.650019,-2.940895,2008-11-15,11,2008,7071.1
53.091996,-2.225435,2001-09-16,9,2001,7071.1
54.7,-3.3,2011-10-10,10,2011,7071.1
51.557454,-3.227481,2008-11-12,11,2008,7071.1
57.70567,-4.485001,2021-10-10,10,2021,7.1
57.189698,-3.846567,1969-12-31,12,1969,707.1
52.712959,-1.364931,2024-10-15,10,2024,1414.2
54.4,-2.5,2005-10-06,10,2005,7071.1
54.3,-0.7,2009-10-13,10,2009,7071.1
53.9,-2.5,2002-09-21,9,2002,7071.1
57.180291,-6.06909,2011-10-20,10,2011,7.1
52.3,-2.8,2017-01-12,1,2017,7071.1
55.0,-1.5,2010-10-26,10,2010,7071.1
54.0,-1.6,2001-10-03,10,2001,7071.1
54.0,-1.6,2002-11-09,11,2002,7071.1
53.5,-1.9,2012-10-20,10,2012,7071.1
52.739184,-1.311969,2021-11-07,11,2021,70.7
53.2,-4.2,1969-12-31,12,1969,7071.1
50.6,-3.8,2018-10-21,10,2018,7071.1
52.83,0.82,2025-07-23,7,2025,707.1
53.092002,-1.77747,2008-10-19,10,2008,7071.1
51.1,0.6,2004-11-05,11,2004,7071.1
52.0,-4.7,2016-10-08,10,2016,7071.1
54.524745,-0.842726,2010-10-08,10,2010,7071.1
54.140945,-4.680516,2014-11-16,11,2014,1414.2
51.737238,-3.232347,2011-09-25,9,2011,7071.1
53.451737,-1.926177,2014-10-19,10,2014,7071.1
57.099353,-3.132256,2008-08-23,8,2008,707.1
53.092002,-1.77747,2001-10-14,10,2001,7071.1
52.0,-3.0,2017-11-15,11,2017,7071.1
55.2,-2.3,2014-09-03,9,2014,7071.1
53.0,-3.0,2019-10-22,10,2019,7071.1
51.8,-2.5,2001-09-23,9,2001,7071.1
53.04,-3.05,2025-10-12,10,2025,707.1
51.3,0.2,1969-12-31,12,1969,7071.1
50.7,-3.4,2010-10-17,10,2010,7071.1
53.6,-0.6,1969-12-31,12,1969,7071.1
50.8,-3.5,2014-08-31,8,2014,7071.1
50.9,-3.5,2007-12-11,12,2007,7071.1
52.3,-2.8,2019-10-06,10,2019,7071.1
54.8,-3.1,2019-09-05,9,2019,7071.1
52.9,-1.2,2010-09-20,9,2010,7071.1
51.8,-2.7,2007-10-08,10,2007,7071.1
50.4,-5.0,2010-11-21,11,2010,7071.1
54.4,-1.0,2021-10-24,10,2021,7071.1
51.9,-2.4,2006-11-04,11,2006,7071.1
51.557454,-3.227481,2009-10-26,10,2009,7071.1
51.557454,-3.227481,2008-11-11,11,2008,7071.1
54.3,-1.0,2024-11-03,11,2024,7071.1
52.6,-1.4,2016-11-27,11,2016,7071.1
52.694097,-1.217241,2013-11-13,11,2013,1414.2
51.117357,0.57758,2005-10-20,10,2005,707.1
53.631308,-2.228303,2009-10-13,10,2009,7071.1
51.557454,-3.227481,2008-11-12,11,2008,7071.1
57.505413,-6.171927,2011-10-19,10,2011,7.1
54.8,-2.0,2008-08-30,8,2008,7071.1
54.7,-2.1,2008-10-03,10,2008,7071.1
53.9,-2.1,2021-10-25,10,2021,7071.1
51.374315,-3.509927,2013-11-19,11,2013,7071.1
54.200147,-4.646014,2019-10-24,10,2019,707.1
52.3,-1.8,1969-12-31,12,1969,7071.1
53.3,-2.9,2006-10-22,10,2006,7071.1
52.8,-3.1,2025-10-09,10,2025,7071.1
51.6,-0.1,2004-10-31,10,2004,7071.1
52.32,0.55,2025-11-01,11,2025,1000.0
55.4,-4.5,2016-10-23,10,2016,7071.1
51.73188,-3.666627,2022-10-03,10,2022,7071.1
54.162852,-4.498093,2014-11-30,11,2014,1414.2
53.2,-2.5,2011-10-22,10,2011,7071.1
54.042996,-2.688688,2023-11-24,11,2023,1414.2
54.3,-1.0,2025-11-02,11,2025,7071.1
51.737238,-3.232347,2020-10-12,10,2020,7071.1
51.733844,-3.521882,2005-10-18,10,2005,7071.1
54.530254,-2.078773,2008-09-18,9,2008,7071.1
57.456196,-4.229225,2022-10-28,10,2022,70.7
53.3165,-1.578093,2019-09-07,9,2019,7.1
57.187683,-3.830746,2012-10-05,10,2012,70.7
54.1,-0.9,2007-11-06,11,2007,7071.1
51.0,-0.2,1969-12-31,12,1969,7071.1
53.6,-2.1,2015-11-01,11,2015,7071.1
52.053992,-3.619521,2001-09-29,9,2001,70.7
57.0,-3.4,2012-09-29,9,2012,7071.1
54.124998,-4.587649,2013-10-23,10,2013,1414.2
51.9,-4.7,2011-11-04,11,2011,7071.1
56.864747,-3.239976,2001-09-28,9,2001,707.1
51.459775,-2.693001,2020-11-22,11,2020,70.7
54.0,-1.6,2002-11-15,11,2002,7071.1
56.49297,-5.564182,2015-11-02,11,2015,7.1
52.1,1.0,2008-10-27,10,2008,7071.1
52.11287,-3.519425,2001-10-06,10,2001,70.7
54.061305,-2.627879,2024-10-22,10,2024,1414.2
54.4,-2.3,2004-11-12,11,2004,7071.1
52.3,-2.8,2004-11-17,11,2004,7071.1
54.4,-2.5,2009-08-19,8,2009,7071.1
55.0,-2.5,2021-10-09,10,2021,7071.1
51.557454,-3.227481,2002-11-12,11,2002,7071.1
54.1,-2.2,2014-11-11,11,2014,7071.1
53.312522,-1.613553,2014-09-27,9,2014,0.7
52.093349,-3.534089,2012-10-07,10,2012,7071.1
50.870549,-3.173105,2024-11-13,11,2024,70.7
50.4,-5.0,2010-11-21,11,2010,7071.1
51.557454,-3.227481,2008-11-18,11,2008,7071.1
53.631501,-2.077084,2010-10-04,10,2010,7071.1
53.8,-1.5,2001-09-30,9,2001,7071.1
54.7,-2.3,2008-10-09,10,2008,7071.1
54.7,-2.3,2009-09-25,9,2009,7071.1
58.1,-5.2,2003-10-02,10,2003,7071.1
54.1,-2.3,2016-10-05,10,2016,7071.1
52.3,-2.7,2001-11-24,11,2001,7071.1
54.195489,-4.653382,2012-10-17,10,2012,1414.2
51.555857,-3.371684,2007-11-11,11,2007,7071.1
56.357978,-3.150643,2001-10-11,10,2001,1414.2
54.061305,-2.627879,2024-10-22,10,2024,1414.2
55.5,-2.1,2021-09-11,9,2021,7071.1
50.9,-1.7,2021-11-07,11,2021,7071.1
58.4,-3.4,2022-08-19,8,2022,7071.1
52.748915,-1.364408,2009-10-18,10,2009,1414.2
51.650019,-2.940895,2008-11-15,11,2008,7071.1
54.065812,-4.622176,2019-10-11,10,2019,707.1
56.997534,-3.425469,2002-09-21,9,2002,707.1
53.2,-4.0,1969-12-31,12,1969,7071.1
54.1,-2.4,2011-10-15,10,2011,7071.1
52.1,-1.5,1969-12-31,12,1969,7071.1
57.070448,-4.005597,2001-09-12,9,2001,707.1
52.938467,-3.086905,2005-10-25,10,2005,70.7
51.19,-3.79,2017-11-03,11,2017,7071.1
52.748583,-1.305154,2009-11-15,11,2009,1414.2
56.342594,-2.826625,2023-07-27,7,2023,1414.2
56.76546,-3.972938,1969-12-31,12,1969,707.1
53.310302,-1.633609,2014-09-17,9,2014,0.7
57.984403,-4.157926,2006-09-26,9,2006,707.1
58.237139,-4.991076,2002-11-13,11,2002,707.1
53.4,-0.8,1969-12-31,12,1969,7071.1
54.1,-2.0,2010-09-22,9,2010,7071.1
50.9,-2.7,2020-10-28,10,2020,7071.1
54.4,-2.9,2016-11-03,11,2016,7071.1
50.8,-2.9,2022-11-23,11,2022,7071.1
50.156,-5.0711,2011-03-02,3,2011,7071.0
50.9,-2.6,2007-10-25,10,2007,7071.1
53.4,-0.3,2010-09-13,9,2010,7071.1
53.0,-3.2,2018-10-19,10,2018,7071.1
52.1,-2.3,2007-10-29,10,2007,7071.1
53.16232,-4.170299,2004-10-18,10,2004,7071.1
53.0,-1.2,2017-09-23,9,2017,7071.1
51.462254,-3.656783,2015-10-25,10,2015,7071.1
53.541619,-2.07692,2011-11-16,11,2011,7071.1
53.0,-3.2,2016-11-01,11,2016,7071.1
52.935757,-3.088325,2005-10-25,10,2005,70.7
56.465502,-5.296075,2016-11-01,11,2016,7.1
54.2,-4.6,2015-10-17,10,2015,7071.1
52.7,-1.3,2016-11-19,11,2016,7071.1
51.1,-2.3,2009-10-17,10,2009,7071.1
50.8,-2.9,2021-11-13,11,2021,7071.1
52.2,-3.1,2012-11-06,11,2012,7071.1
54.3,-4.5,2015-10-20,10,2015,7071.1
55.05828,-2.23775,2011-11-21,11,2011,7071.0
54.6,-2.2,2016-10-30,10,2016,7071.1
52.5,-2.0,2016-10-15,10,2016,7071.1
53.3,-1.6,2015-11-26,11,2015,7071.1
54.1,-2.4,1969-12-31,12,1969,7071.1
50.9,-1.6,2005-10-09,10,2005,7071.1
54.6,-1.8,2008-10-15,10,2008,7071.1
54.1,-2.3,2011-08-07,8,2011,7071.1
56.29698,-5.644046,2013-09-27,9,2013,7.1
54.195489,-4.653382,2013-10-13,10,2013,1414.2
51.5,-2.8,2021-10-05,10,2021,7071.1
56.249573,-3.211944,2001-10-26,10,2001,1414.2
51.4,-2.7,2007-10-11,10,2007,7071.1
57.067584,-2.488115,2004-09-26,9,2004,707.1
50.7,-3.3,2021-11-06,11,2021,7071.1
56.880787,-3.421021,1969-12-31,12,1969,707.1
58.922594,-3.156625,2011-09-20,9,2011,707.1
54.601961,-6.037557,2018-10-22,10,2018,336.0
52.001492,-3.676625,2013-10-19,10,2013,7071.1
51.3,0.2,1969-12-31,12,1969,7071.1
51.804377,-3.127576,2007-10-23,10,2007,70.7
52.1,-2.4,2008-10-08,10,2008,7071.1
54.0,-1.6,2001-11-03,11,2001,7071.1
51.4,-2.7,2014-12-16,12,2014,7071.1
54.1,-1.8,2008-09-18,9,2008,7071.1
51.8,-2.7,2006-10-30,10,2006,7071.1
58.351704,-3.167799,2002-09-26,9,2002,70.7
53.7,-2.2,2009-06-06,6,2009,7071.1
57.4,-2.2,2008-09-20,9,2008,7071.1
53.498848,-1.100518,2008-09-07,9,2008,7.1
54.888526,-1.455909,2013-10-29,10,2013,7071.1
56.23096,-3.275881,2002-10-07,10,2002,1414.2
57.189698,-3.846567,1969-12-31,12,1969,707.1
58.612941,-3.668848,2014-10-18,10,2014,70.7
57.83,-4.44,2015-09-09,9,2015,7071.1
54.1589,-4.681677,2014-11-28,11,2014,1414.2
54.6,-3.1,2014-10-22,10,2014,7071.1
53.34256,-1.53961,2024-10-11,10,2024,70.7
53.3,-2.4,2014-11-01,11,2014,7071.1
55.1,-2.2,2014-08-28,8,2014,7071.1
54.731449,-6.223342,2015-10-02,10,2015,707.1
56.7,-5.7,2019-09-09,9,2019,7071.1
51.173115,-0.382416,2012-11-15,11,2012,7071.0
55.85,-4.31,2016-10-28,10,2016,7071.1
57.5,-5.8,2012-09-23,9,2012,7071.1
51.828561,-3.089724,2019-10-17,10,2019,7071.1
52.5,-3.3,2006-10-23,10,2006,7071.1
50.2,-5.2,2013-11-17,11,2013,7071.1
51.2,-3.8,2017-10-04,10,2017,7071.1
51.7,-0.8,2011-10-29,10,2011,7071.1
53.1,-2.0,2018-11-04,11,2018,7071.1
51.5,-2.4,2009-11-08,11,2009,7071.1
55.85,-4.31,2014-11-01,11,2014,7071.1
54.066344,-4.797985,2013-10-09,10,2013,1414.2
54.136627,-4.672582,2020-10-18,10,2020,707.1
54.8,-1.8,2015-11-01,11,2015,7071.1
51.9,-2.0,2012-11-11,11,2012,7071.1
50.5,-4.4,2004-11-04,11,2004,7071.1
54.7,-2.85,2018-09-30,9,2018,7071.1
53.4,-2.8,2006-10-29,10,2006,7071.1
50.5,-4.4,2014-10-19,10,2014,7071.1
57.2,-6.1,2011-10-20,10,2011,7071.1
54.592097,-6.020094,2020-10-23,10,2020,516.0
52.3,-2.8,2016-11-28,11,2016,7071.1
51.557454,-3.227481,2009-11-03,11,2009,7071.1
56.677727,-5.154731,2017-10-06,10,2017,7.1
57.035713,-3.21271,2009-08-30,8,2009,707.1
52.8,-0.4,2002-08-15,8,2002,7071.1
54.0,-1.6,2002-10-28,10,2002,7071.1
50.8,-1.4,2016-11-13,11,2016,7071.1
50.8,-2.9,2015-10-31,10,2015,7071.1
50.8,-2.9,2021-10-13,10,2021,7071.1
54.155258,-4.643148,2011-08-19,8,2011,707.1
52.5,-2.4,2005-10-16,10,2005,7071.1
56.496271,-5.549376,2015-11-02,11,2015,7.1
52.2,-3.0,2005-10-20,10,2005,7071.1
57.1,-3.1,2011-10-01,10,2011,7071.1
51.560118,-2.939038,2009-10-30,10,2009,7071.1
53.3,-1.1,2009-09-21,9,2009,7071.1
57.109846,-3.776539,1969-12-31,12,1969,707.1
52.9,0.6,2020-12-12,12,2020,7071.1
57.194065,-2.241573,2001-09-30,9,2001,707.1
52.72399,-3.044546,2005-10-10,10,2005,70.7
53.9,-2.5,1969-12-31,12,1969,7071.1
56.662575,-5.044916,2016-11-02,11,2016,7.1
52.654077,-0.744896,2007-10-16,10,2007,1414.2
54.3,-2.5,2015-11-03,11,2015,7071.1
53.918084,-2.503923,2025-10-16,10,2025,1414.2
54.3,-1.2,2021-11-07,11,2021,7071.1
53.3,-2.5,2021-10-23,10,2021,7071.1
53.4,-0.3,2009-11-04,11,2009,7071.1
51.9,-4.7,2006-10-14,10,2006,7071.1
56.532839,-5.489998,2018-10-06,10,2018,7.1
50.7,-3.9,2013-09-22,9,2013,7071.1
55.1,-2.2,2014-08-28,8,2014,7071.1
54.590088,-6.023286,2020-10-17,10,2020,431.0
51.552131,-3.660047,2005-11-04,11,2005,7071.1
51.545213,-4.092461,2009-11-25,11,2009,7071.1
53.2,-1.9,2024-10-05,10,2024,7071.1
50.2,-5.5,2015-10-24,10,2015,7071.1
51.994185,-4.776154,2010-10-22,10,2010,707.1
53.1,-1.6,2020-10-18,10,2020,7071.1
53.3,-1.6,2015-09-19,9,2015,7071.1
52.674002,-1.237566,2024-10-25,10,2024,70.7
53.6,-2.1,2005-10-29,10,2005,7071.1
51.7,-0.8,2003-10-13,10,2003,7071.1
53.667053,-2.319304,2022-10-11,10,2022,1414.2
55.1,-1.9,2011-11-05,11,2011,7071.1
53.631501,-2.077084,2009-09-09,9,2009,7071.1
52.0,-4.8,2010-10-22,10,2010,7071.1
54.0,-1.5,2001-10-09,10,2001,7071.1
54.0,-1.0,2008-10-08,10,2008,7071.1
51.8,-3.1,2005-11-04,11,2005,7071.1
54.6,-1.8,2010-10-09,10,2010,7071.1
55.76,-4.31,2016-08-18,8,2016,7071.1
51.9,-2.4,2008-10-12,10,2008,7071.1
54.4,-2.5,2006-11-14,11,2006,7071.1
51.233257,-3.779393,2017-10-04,10,2017,7.1
51.1,0.1,2017-10-03,10,2017,7071.1
53.631308,-2.228303,2006-10-16,10,2006,7071.1
52.0,-2.3,2008-09-22,9,2008,7071.1
53.3,-2.5,2025-09-27,9,2025,7071.1
52.9,-4.0,2014-04-25,4,2014,7071.1
54.126622,-4.717858,2012-10-24,10,2012,707.1
53.541621,-1.926021,2011-11-04,11,2011,7071.1
56.751141,-3.726856,1969-12-31,12,1969,707.1
53.361852,-1.926332,2011-11-02,11,2011,7071.1
57.585142,-4.545036,2022-10-28,10,2022,7.1
50.8,-3.1,2008-11-13,11,2008,7071.1
53.0,-3.0,2021-10-21,10,2021,7071.1
53.078053,-1.854791,2006-10-14,10,2006,7.1
55.2,-2.3,2014-09-03,9,2014,7071.1
53.1,-4.0,1969-12-31,12,1969,7071.1
53.727,-2.9273,2013-10-06,10,2013,7071.0
57.400698,-2.226292,2008-09-21,9,2008,707.1
57.244759,-3.766453,2008-10-01,10,2008,707.1
50.452349,-4.748247,2014-11-09,11,2014,7071.1
50.9,-2.7,2002-11-19,11,2002,7071.1
54.8,-1.9,2005-10-09,10,2005,7071.1
54.8,-1.6,2007-10-13,10,2007,7071.1
51.9,-2.4,2009-08-02,8,2009,7071.1
50.2,-5.5,2012-10-20,10,2012,7071.1
51.73563,-3.377122,2013-10-04,10,2013,7071.1
51.3,-0.8,2007-10-19,10,2007,7071.1
56.987787,-3.490928,2007-10-12,10,2007,707.1
51.891212,-2.4446,2005-11-19,11,2005,707.1
52.748915,-1.364408,2011-11-13,11,2011,1414.2
54.32,-4.53,2015-10-19,10,2015,7071.1
50.8,-2.9,2004-10-24,10,2004,7071.1
51.9,-2.4,2010-09-24,9,2010,7071.1
54.7,-3.0,2018-11-03,11,2018,7071.1
53.0,-1.8,2007-10-21,10,2007,7071.1
51.554082,-3.515873,2014-08-30,8,2014,7071.1
56.5,-4.3,2018-09-25,9,2018,7071.1
51.44079,-2.709979,2010-10-12,10,2010,70.7
53.315894,-1.622559,2014-11-12,11,2014,0.7
53.3,-1.6,2014-08-23,8,2014,7071.1
52.938467,-3.086905,2005-10-25,10,2005,70.7
52.3,-2.8,2008-10-11,10,2008,7071.1
51.0,-0.0,2017-09-26,9,2017,7071.1
53.541621,-1.926021,2011-09-18,9,2011,7071.1
51.0,-0.2,2005-10-17,10,2005,7071.1
52.3,-2.7,2005-10-20,10,2005,7071.1
52.801118,-1.096659,2011-11-16,11,2011,1414.2
51.557454,-3.227481,2009-10-19,10,2009,7071.1
50.6,-3.4,1969-12-31,12,1969,7071.1
51.9,-2.4,2020-10-16,10,2020,7071.1
51.3,0.2,2004-10-11,10,2004,7071.1
58.4,-3.2,2002-09-26,9,2002,7071.1
55.4,-4.44,2016-10-23,10,2016,7071.1
52.7,-1.3,2017-10-22,10,2017,7071.1
51.23094,-3.778014,2017-11-03,11,2017,7.1
54.0,-1.9,2008-10-23,10,2008,7071.1
54.269955,-4.535289,2014-09-05,9,2014,1414.2
50.7,-3.3,2011-11-20,11,2011,7071.1
52.0,-2.5,2002-10-23,10,2002,7071.1
54.9,-2.0,2012-10-20,10,2012,7071.1
52.822508,-2.07564,2007-09-30,9,2007,7071.1
52.730605,-1.30544,2016-10-23,10,2016,1414.2
51.642006,-3.663328,2008-10-24,10,2008,7071.1
54.9,-2.5,2022-10-01,10,2022,7071.1
54.7,-2.2,2008-10-09,10,2008,7071.1
56.8,-5.7,2015-10-31,10,2015,7071.1
53.631501,-2.077084,2014-08-28,8,2014,7071.1
51.3,-0.8,2010-09-09,9,2010,7071.1
58.103191,-6.491271,2022-10-19,10,2022,707.1
51.737238,-3.232347,2011-08-26,8,2011,7071.1
51.73563,-3.377122,2005-10-19,10,2005,7071.1
51.6,-0.7,2007-10-28,10,2007,7071.1
57.2,-3.7,2014-09-23,9,2014,7071.1
54.7,-2.0,2009-08-27,8,2009,7071.1
51.648772,-3.085407,2013-10-11,10,2013,7071.1
54.200147,-4.646014,2019-09-29,9,2019,707.1
53.647726,-2.651973,2022-10-02,10,2022,1414.2
51.6,-4.8,2009-10-24,10,2009,7071.1
53.9,-1.7,2002-11-02,11,2002,7071.1
53.1,-3.8,1969-12-31,12,1969,7071.1
54.5,-0.9,2019-09-28,9,2019,7071.1
57.480246,-7.249483,2015-10-18,10,2015,707.1
53.1,-2.0,2014-11-02,11,2014,7071.1
56.467433,-5.294456,2016-10-22,10,2016,7.1
51.917015,-3.237265,2001-10-06,10,2001,7071.1
51.560118,-2.939038,2009-11-19,11,2009,7071.1
53.631501,-2.077084,2013-10-08,10,2013,7071.1
54.315333,-7.786399,2015-11-04,11,2015,70.7
51.557454,-3.227481,2009-10-26,10,2009,7071.1
51.557454,-3.227481,2008-11-12,11,2008,7071.1
51.9,-2.0,2010-11-14,11,2010,7071.1
55.5,-1.6,2004-10-24,10,2004,7071.1
54.154241,-4.689034,2015-10-23,10,2015,707.1
52.4,-2.3,2002-09-15,9,2002,7071.1
50.4,-5.0,2010-11-02,11,2010,7071.1
53.703213,-2.228692,2002-11-19,11,2002,1414.2
51.741885,-2.653137,2007-11-10,11,2007,7071.1
56.382624,-5.540083,2015-10-26,10,2015,7.1
57.836335,-5.192833,2011-08-14,8,2011,70.7
51.814768,-4.104929,2017-10-06,10,2017,7071.1
56.6,-5.5,2016-10-12,10,2016,7071.1
54.919518,-1.71681,2009-10-12,10,2009,70.7
51.4,-1.6,2005-10-23,10,2005,7071.1
52.6,-1.9,2018-09-30,9,2018,7071.1
50.2,-5.3,2010-10-29,10,2010,7071.1
53.3138,-1.576918,2019-10-30,10,2019,7.1
50.7,-3.3,2010-11-20,11,2010,7071.1
56.554277,-5.443462,2014-11-05,11,2014,7.1
54.085704,-4.738119,2013-11-16,11,2013,1414.2
55.0,-2.5,2019-10-12,10,2019,7071.1
55.76,-4.31,2016-09-05,9,2016,7071.1
54.089669,-4.761321,2021-11-20,11,2021,707.1
57.0,-3.5,2007-10-12,10,2007,7071.1
51.3,-2.8,2008-10-20,10,2008,7071.1
53.4,-1.5,2007-11-06,11,2007,7071.1
52.748915,-1.364408,2007-09-26,9,2007,1414.2
53.5,-2.0,2007-09-17,9,2007,7071.1
53.4,-2.9,2020-09-04,9,2020,7071.1
49.99,-5.24,2025-11-07,11,2025,1000.0
57.541992,-4.808419,2020-08-01,8,2020,7.1
53.541619,-2.07692,2014-09-06,9,2014,7071.1
53.8,-1.5,2008-10-25,10,2008,7071.1
50.1,-5.6,2016-10-02,10,2016,7071.1
53.847074,-2.199077,2019-10-01,10,2019,1414.2
52.803009,-4.152357,2001-10-12,10,2001,7071.1
53.4,-2.1,2020-11-06,11,2020,7071.1
53.0,-3.2,2017-10-25,10,2017,7071.1
53.4,-2.8,2002-10-27,10,2002,7071.1
53.8,-1.5,2003-10-08,10,2003,7071.1
54.8,-2.1,2008-10-05,10,2008,7071.1
52.0,-2.5,2016-11-01,11,2016,7071.1
53.4,-0.3,2011-11-01,11,2011,7071.1
50.2,-5.2,2005-10-31,10,2005,7071.1
58.97497,-3.31493,1969-12-31,12,1969,707.1
51.8,-3.1,2008-11-01,11,2008,7071.1
50.8,-2.9,2020-10-10,10,2020,7071.1
52.5,-2.8,2002-10-01,10,2002,7071.1
52.5,0.8,2009-12-31,12,2009,7071.1
50.8,-2.9,2004-11-06,11,2004,7071.1
53.70292,-2.349871,2025-10-10,10,2025,1414.2
51.7,-5.0,2009-11-27,11,2009,7071.1
54.328476,-4.531199,2012-10-25,10,2012,707.1
52.912404,-1.927094,2008-09-21,9,2008,7071.1
51.645744,-3.374396,2019-11-28,11,2019,7071.1
53.3,-0.0,1970-01-01,1,1970,7071.1
50.7,-3.3,2019-11-09,11,2019,7071.1
53.259498,-3.725431,2020-10-31,10,2020,7071.1
52.9,1.3,2008-10-16,10,2008,7071.1
51.2,0.3,2003-10-25,10,2003,7071.1
57.1,-3.8,1969-12-31,12,1969,7071.1
52.27,-7.54,2010-09-23,9,2010,7071.0
57.2,-3.8,2009-09-14,9,2009,7071.1
53.347074,-3.879199,2004-10-26,10,2004,7071.1
52.7,0.9,2001-10-13,10,2001,7071.1
52.8,1.2,2003-10-26,10,2003,7071.1
53.5,-1.6,2001-10-18,10,2001,7071.1
57.5,-7.2,2015-10-18,10,2015,7071.1
58.976309,-3.17582,2011-09-20,9,2011,707.1
55.0,-2.3,2013-09-24,9,2013,7071.1
54.126622,-4.717858,2012-10-24,10,2012,707.1
52.362962,-3.543413,2019-10-01,10,2019,7071.1
51.2,-3.6,2004-10-07,10,2004,7071.1
56.538776,-5.464184,2014-10-15,10,2014,7.1
50.1,-5.4,2005-11-18,11,2005,7071.1
53.6,-2.1,2009-09-09,9,2009,7071.1
52.1,-2.4,2007-10-25,10,2007,7071.1
54.9,-2.0,2008-10-07,10,2008,7071.1
53.648455,-2.500701,2012-10-21,10,2012,1414.2
55.2,-4.9,2011-09-26,9,2011,7071.1
54.4,-3.0,2018-10-28,10,2018,7071.1
51.557454,-3.227481,2009-11-17,11,2009,7071.1
52.9,1.3,2003-10-30,10,2003,7071.1
53.5296,-1.9708,2013-09-14,9,2013,7071.0
54.200147,-4.646014,2015-10-17,10,2015,707.1
59.003858,-3.107124,2011-09-20,9,2011,707.1
52.712451,-1.276123,2016-11-19,11,2016,1414.2
52.709197,-0.861731,2005-10-15,10,2005,1414.2
51.151666,-3.812139,2017-10-09,10,2017,5.0
54.0,-1.6,2001-10-12,10,2001,7071.1
52.730605,-1.30544,2007-10-14,10,2007,1414.2
53.2,-3.3,2016-11-02,11,2016,7071.1
57.325403,-2.95652,2005-11-05,11,2005,707.1
52.9,-3.1,2005-10-25,10,2005,7071.1
53.4,-1.1,2004-01-11,1,2004,7071.1
51.645744,-3.374396,2021-11-23,11,2021,7071.1
51.7,-2.9,2015-10-11,10,2015,7071.1
53.2,-2.5,2010-10-07,10,2010,7071.1
58.6,-3.7,2014-10-18,10,2014,7071.1
51.73563,-3.377122,2004-09-25,9,2004,7071.1
56.4899,-5.570882,2015-11-02,11,2015,7.1
56.481322,-5.550253,2016-11-05,11,2016,7.1
50.9,-3.5,2012-11-20,11,2012,7071.1
54.9,-2.0,2008-10-09,10,2008,7071.1
51.8,-2.5,2021-11-05,11,2021,7071.1
53.2,0.0,2012-11-02,11,2012,7071.1
53.8,-1.6,2004-10-24,10,2004,7071.1
51.5,-2.8,2016-11-13,11,2016,7071.1
51.055366,-1.666083,2009-10-11,10,2009,707.1
52.3,-2.8,2002-12-03,12,2002,7071.1
52.3,-2.8,2004-09-30,9,2004,7071.1
53.313536,-1.578572,2019-09-07,9,2019,7.1
51.804377,-3.127576,2002-10-06,10,2002,70.7
52.9,-3.1,2005-10-25,10,2005,7071.1
51.828561,-3.089724,2009-10-10,10,2009,7071.1
54.061678,-4.805312,2020-09-20,9,2020,707.1
52.6,-1.9,2001-11-04,11,2001,7071.1
53.257235,-3.875257,2001-10-27,10,2001,7071.1
55.0,-1.8,2024-10-19,10,2024,7071.1
54.111695,-4.579169,2019-11-08,11,2019,707.1
57.591693,-4.502737,2011-09-15,9,2011,707.1
52.9,-2.8,2001-10-14,10,2001,7071.1
51.502616,-2.365169,2009-11-08,11,2009,70.7
51.9,-2.4,2012-11-03,11,2012,7071.1
54.204358,-4.446926,2020-11-01,11,2020,707.1
54.6,-2.1,2008-09-18,9,2008,7071.1
51.6,-4.8,2015-10-31,10,2015,7071.1
54.0,-1.7,2015-09-26,9,2015,7071.1
55.93,-4.8,2014-09-27,9,2014,7071.1
52.694473,-1.27642,2012-10-28,10,2012,1414.2
52.5,-2.0,2014-10-22,10,2014,7071.1
52.9,-1.2,2009-10-23,10,2009,7071.1
54.162852,-4.498093,2014-11-30,11,2014,1414.2
54.9,-1.7,2009-10-28,10,2009,7071.1
57.136782,-3.77783,1969-12-31,12,1969,707.1
53.340594,-2.887584,2006-10-22,10,2006,1414.2
51.9,-4.7,2012-10-06,10,2012,7071.1
50.9,-1.8,2001-11-24,11,2001,7071.1
51.6,-4.9,2010-09-11,9,2010,7071.1
53.3,-0.7,2013-10-26,10,2013,7071.1
51.643964,-3.51887,2021-11-23,11,2021,7071.1
54.4,-3.0,2019-10-28,10,2019,7071.1
51.643964,-3.51887,2021-11-07,11,2021,7071.1
54.5,-0.9,2010-10-08,10,2010,7071.1
56.880787,-3.421021,1969-12-31,12,1969,707.1
52.0,-4.9,2009-11-08,11,2009,7071.1
51.25,0.2,2025-11-09,11,2025,707.1
54.4,-3.1,2002-08-22,8,2002,7071.1
51.552131,-3.660047,2005-10-31,10,2005,7071.1
53.176798,-3.123594,2020-10-12,10,2020,7071.1
51.9,-2.4,2017-11-10,11,2017,7071.1
51.6,-3.5,2019-10-21,10,2019,7071.1
55.4,-4.6,2014-10-30,10,2014,7071.1
53.1,-1.9,2006-10-15,10,2006,7071.1
52.892839,-4.156806,2020-10-30,10,2020,7071.1
58.534123,-3.785342,2010-08-06,8,2010,70.7
55.990524,-3.520442,2009-11-10,11,2009,70.7
50.7,-4.6,2010-11-15,11,2010,7071.1
51.557454,-3.227481,2008-11-10,11,2008,7071.1
54.7,-3.3,2012-10-21,10,2012,7071.1
54.0,-1.1,1969-12-31,12,1969,7071.1
51.8,-3.1,2009-10-10,10,2009,7071.1
51.1,0.5,1969-12-31,12,1969,7071.1
53.631501,-2.077084,2007-09-30,9,2007,7071.1
51.5,-2.5,2022-11-12,11,2022,7071.1
51.328837,-2.781447,2010-11-22,11,2010,70.7
53.5,-1.6,2015-11-18,11,2015,7071.1
51.554082,-3.515873,2017-11-11,11,2017,7071.1
54.3,-2.5,2005-10-05,10,2005,7071.1
54.065812,-4.622176,2019-10-16,10,2019,707.1
53.6,-2.1,2018-09-23,9,2018,7071.1
50.7,-2.1,2025-10-26,10,2025,7071.1
51.737238,-3.232347,2011-09-25,9,2011,7071.1
56.558187,-5.432096,2013-11-04,11,2013,7.1
53.702828,-2.380166,2024-11-13,11,2024,1414.2
56.472664,-5.579334,2018-09-23,9,2018,7.1
51.804377,-3.127576,2007-06-12,6,2007,70.7
53.2,-4.2,2024-11-09,11,2024,7071.1
52.6,-2.9,2013-10-20,10,2013,7071.1
54.23,-4.68,2015-10-17,10,2015,7071.1
54.0,-1.6,2001-10-17,10,2001,7071.1
53.1,-0.1,1969-12-31,12,1969,7071.1
51.228581,-3.779355,2017-11-03,11,2017,7.1
52.693898,-1.187652,2004-10-07,10,2004,1414.2
54.124998,-4.587649,2013-10-16,10,2013,1414.2
52.0,-3.1,2012-10-10,10,2012,7071.1
55.5,-2.8,2012-11-05,11,2012,7071.1
50.9,-1.7,2021-10-24,10,2021,7071.1
50.9,-3.6,2009-07-23,7,2009,7071.1
52.7,-1.3,2016-11-13,11,2016,7071.1
54.964354,-5.924976,2022-11-09,11,2022,70.7
51.7,-5.0,2009-11-07,11,2009,7071.1
53.6,-2.1,2006-10-20,10,2006,7071.1
51.3,-2.6,2016-11-06,11,2016,7071.1
54.7,-2.2,2009-10-09,10,2009,7071.1
51.2,-3.8,2019-11-03,11,2019,7071.1
52.0,-4.9,2015-09-25,9,2015,7071.1
57.3,-4.8,1969-12-31,12,1969,7071.1
53.091996,-2.225435,2001-09-28,9,2001,7071.1
51.643964,-3.51887,2015-09-28,9,2015,7071.1
51.73563,-3.377122,2014-09-06,9,2014,7071.1
51.3,0.2,2005-10-30,10,2005,7071.1
57.32049,-7.335574,2014-10-01,10,2014,70.7
51.440782,-2.711418,2007-10-11,10,2007,70.7
52.080704,-3.467984,2001-10-01,10,2001,707.1
58.537486,-3.598263,2007-11-12,11,2007,70.7
56.342594,-2.826625,2023-07-27,7,2023,1414.2
53.631308,-2.228303,2010-11-23,11,2010,7071.1
55.2,-2.5,2013-11-01,11,2013,7071.1
56.447516,-5.646285,2020-09-26,9,2020,7.1
54.0,-2.0,2017-11-01,11,2017,7071.1
55.31459,-4.443947,2003-09-15,9,2003,7071.1
52.803009,-4.152357,2005-10-09,10,2005,7071.1
53.3,-2.1,2025-11-09,11,2025,7071.1
56.987787,-3.490928,2002-09-20,9,2002,707.1
53.4,-2.8,2003-10-12,10,2003,7071.1
51.0,-4.1,2008-10-29,10,2008,7071.1
50.9,-1.7,2019-10-20,10,2019,7071.1
53.4,-2.4,2009-10-29,10,2009,7071.1
55.0,-2.3,2009-11-07,11,2009,7071.1
50.4,-4.7,2009-11-08,11,2009,7071.1
54.4,-3.0,2018-10-26,10,2018,7071.1
54.7,-2.8,2018-09-30,9,2018,7071.1
53.2,-2.5,2012-10-10,10,2012,7071.1
58.5,-3.8,2010-08-06,8,2010,7071.1
53.4,-2.1,2020-11-08,11,2020,7071.1
52.0,-4.9,2015-10-29,10,2015,7071.1
51.542554,-4.236558,2003-11-08,11,2003,7071.1
57.6,-4.6,2015-10-18,10,2015,7071.1
54.0,-1.9,2012-08-27,8,2012,7071.1
51.3,-0.8,2006-10-13,10,2006,7071.1
54.38365,-3.10781,2014-10-14,10,2014,70.7
54.5,-2.5,2003-10-01,10,2003,7071.1
56.0,-3.5,2002-10-05,10,2002,7071.1
53.092185,-2.076114,2008-09-14,9,2008,7071.1
51.3,-0.8,2005-08-23,8,2005,7071.1
54.1,-4.7,2020-10-18,10,2020,7071.1
53.630924,-2.379519,2012-10-13,10,2012,7071.1
52.284923,-2.800362,2008-09-19,9,2008,707.1
52.694473,-1.27642,2016-11-13,11,2016,1414.2
51.7,-3.3,2010-10-26,10,2010,7071.1
52.6,-1.4,2016-11-10,11,2016,7071.1
51.9,-5.2,2011-11-02,11,2011,7071.1
52.3,-2.8,2009-11-17,11,2009,7071.1
54.214262,-4.401497,2020-08-31,8,2020,707.1
53.74,-2.41,2025-09-14,9,2025,1000.0
53.6,-0.8,1969-12-31,12,1969,7071.1
51.7,-3.3,2019-10-23,10,2019,7071.1
51.557454,-3.227481,2008-11-11,11,2008,7071.1
54.319819,-4.515289,2015-10-20,10,2015,707.1
53.451735,-2.076757,2012-10-19,10,2012,7071.1
53.315413,-1.575702,2019-10-05,10,2019,7.1
51.7,-4.7,2011-12-06,12,2011,7071.1
51.557454,-3.227481,2002-11-07,11,2002,7071.1
51.557454,-3.227481,2009-10-08,10,2009,7071.1
51.557454,-3.227481,2009-10-14,10,2009,7071.1
51.557454,-3.227481,2009-10-19,10,2009,7071.1
51.554082,-3.515873,2005-10-21,10,2005,7071.1
53.167395,-3.871337,2002-10-19,10,2002,7071.1
51.360858,-1.592056,2005-10-23,10,2005,707.1
57.984689,-4.141027,2006-09-26,9,2006,707.1
50.3,-5.0,2010-11-21,11,2010,7071.1
50.9,-1.7,2015-10-05,10,2015,7071.1
53.315601,-1.577951,2019-10-27,10,2019,7.1
53.3,-1.6,2013-10-01,10,2013,7071.1
52.907501,1.258905,2008-10-16,10,2008,7.1
50.9,-3.8,2009-10-31,10,2009,7071.1
53.16232,-4.170299,2002-10-13,10,2002,7071.1
56.19435,-3.339129,2013-09-20,9,2013,1414.2
51.737238,-3.232347,2022-10-19,10,2022,7071.1
52.712074,-1.21692,2001-09-14,9,2001,1414.2
51.738667,-3.08756,2002-10-19,10,2002,7071.1
54.7,-1.7,2021-11-06,11,2021,7071.1
51.467561,-3.225066,2009-11-09,11,2009,7071.1
54.574071,-6.06704,2021-10-21,10,2021,70.7
51.9,-2.4,2014-11-22,11,2014,7071.1
56.6236,-3.937002,2021-09-24,9,2021,70.7
54.1,-2.3,2013-10-30,10,2013,7071.1
54.186087,-4.461175,2011-10-12,10,2011,707.1
51.738667,-3.08756,2012-10-27,10,2012,7071.1
54.3,-2.5,2004-07-21,7,2004,7071.1
53.182077,-1.926639,2007-11-04,11,2007,7071.1
56.6,-5.7,2016-10-14,10,2016,7071.1
51.1,-3.3,2006-10-13,10,2006,7071.1
52.588002,-3.839169,2001-10-20,10,2001,707.1
54.186087,-4.461175,2011-10-12,10,2011,707.1
58.1,-5.0,2003-10-11,10,2003,7071.1
56.76546,-3.972938,1969-12-31,12,1969,707.1
52.7,1.5,2008-12-31,12,2008,7071.1
57.8,-5.2,2011-08-14,8,2011,7071.1
50.9,-2.7,2010-10-09,10,2010,7071.1
51.1,-3.3,2012-10-27,10,2012,7071.1
53.176798,-3.123594,2019-10-08,10,2019,7071.1
51.557454,-3.227481,2016-10-30,10,2016,7071.1
52.935757,-3.088325,2005-10-25,10,2005,70.7
53.7,-3.0,2017-10-29,10,2017,7071.1
53.1,-2.0,2014-10-26,10,2014,7071.1
51.0,-3.5,2014-10-26,10,2014,7071.1
52.4,-1.6,1969-12-31,12,1969,7071.1
52.892839,-4.156806,2004-10-24,10,2004,7071.1
53.8,-1.5,2003-11-09,11,2003,7071.1
53.314869,-1.600413,2014-09-13,9,2014,0.7
53.7,-1.9,2003-09-25,9,2003,7071.1
55.8,-4.4,2019-10-26,10,2019,7071.1
51.4,-2.7,2009-11-30,11,2009,7071.1
51.1,-3.2,2002-11-23,11,2002,7071.1
53.4,-2.9,2007-11-04,11,2007,7071.1
53.2,-1.9,2025-09-21,9,2025,7071.1
55.5,-2.6,2018-11-17,11,2018,7071.1
52.730605,-1.30544,2006-10-14,10,2006,1414.2
54.275245,-4.497211,2019-09-21,9,2019,707.1
54.5,-2.0,1969-12-31,12,1969,7071.1
52.1,-3.2,2019-10-12,10,2019,7071.1
52.730605,-1.30544,2006-10-14,10,2006,1414.2
57.4,-2.8,2010-09-11,9,2010,7071.1
52.8,1.2,2003-10-19,10,2003,7071.1
52.6,0.7,2009-12-31,12,2009,7071.1
51.0,0.3,2004-10-10,10,2004,7071.1
53.428941,-4.334398,2002-10-05,10,2002,7071.1
54.9,-1.7,2009-10-28,10,2009,7071.1
51.1,-3.1,2013-11-03,11,2013,7071.1
53.631308,-2.228303,2009-10-13,10,2009,7071.1
51.1,0.2,2016-10-29,10,2016,7071.1
51.3,-2.8,2014-11-10,11,2014,7071.1
54.3,-1.0,2012-10-29,10,2012,7071.1
55.0,-2.1,2007-11-03,11,2007,7071.1
52.8,-2.0,2005-10-02,10,2005,7071.1
54.6,-2.2,2008-10-21,10,2008,7071.1
54.889554,-5.91168,2020-10-17,10,2020,70.7
54.124998,-4.587649,2013-10-23,10,2013,1414.2
51.2,-3.8,2017-10-23,10,2017,7071.1
51.7,-4.8,2007-11-01,11,2007,7071.1
54.0,-2.3,2002-10-05,10,2002,7071.1
55.5,-1.8,2014-10-26,10,2014,7071.1
51.828561,-3.089724,2008-11-01,11,2008,7071.1
54.4,-3.0,2019-10-28,10,2019,7071.1
54.124998,-4.587649,2013-10-16,10,2013,1414.2
50.8,-1.6,1969-12-31,12,1969,7071.1
51.557454,-3.227481,2009-11-03,11,2009,7071.1
52.2,-3.1,2008-10-28,10,2008,7071.1
54.1,-0.9,2013-10-31,10,2013,7071.1
51.8,-2.7,2005-10-09,10,2005,7071.1
53.5,-1.6,2015-11-06,11,2015,7071.1
54.3,-2.5,2006-10-04,10,2006,7071.1
52.5,-2.0,2011-11-27,11,2011,7071.1
53.8,-1.5,2005-09-17,9,2005,7071.1
54.1,-1.7,2021-11-09,11,2021,7071.1
51.2744,-0.9555,2013-09-25,9,2013,7071.0
56.496835,-5.554793,2014-11-12,11,2014,7.1
51.7,-0.7,2002-11-03,11,2002,7071.1
51.1,-2.3,2008-10-25,10,2008,7071.1
54.3,-2.7,2004-11-09,11,2004,7071.1
51.642006,-3.663328,2005-09-17,9,2005,7071.1
58.1,-5.0,2003-09-17,9,2003,7071.1
57.1,-4.0,2001-09-12,9,2001,7071.1
51.9,-2.0,2010-11-14,11,2010,7071.1
50.2,-5.6,2008-10-25,10,2008,7071.1
50.5,-4.4,2004-11-04,11,2004,7071.1
51.491113,-3.117667,1969-12-31,12,1969,707.1
50.5,-4.7,2007-10-28,10,2007,7071.1
53.5,-0.1,1969-12-31,12,1969,7071.1
53.451737,-1.926177,2012-09-21,9,2012,7071.1
54.228082,-4.601769,2021-11-02,11,2021,707.1
51.552131,-3.660047,2005-11-04,11,2005,7071.1
50.8,-2.9,2004-10-03,10,2004,7071.1
53.882839,-2.290523,2002-09-21,9,2002,1414.2
52.0,-4.8,2012-10-30,10,2012,7071.1
54.0,-1.2,2009-11-04,11,2009,7071.1
53.402772,-1.626273,2024-09-20,9,2024,7.1
53.002294,-2.075955,2003-10-12,10,2003,7071.1
55.4,-4.5,2016-10-23,10,2016,7071.1
51.891212,-2.4446,2002-11-16,11,2002,707.1
52.908071,1.262741,2009-10-10,10,2009,707.1
56.248587,-3.308745,2002-10-07,10,2002,1414.2
51.557454,-3.227481,2002-10-23,10,2002,7071.1
51.557454,-3.227481,2009-10-26,10,2009,7071.1
54.1,-2.3,2016-10-05,10,2016,7071.1
53.3,-1.6,2014-09-09,9,2014,7071.1
56.744522,-3.546682,1969-12-31,12,1969,707.1
53.6,-0.8,1969-12-31,12,1969,7071.1
57.6,-4.8,2020-08-01,8,2020,7071.1
50.9,-1.6,1969-12-31,12,1969,7071.1
50.2,-5.3,2009-10-31,10,2009,7071.1
54.2,-2.5,2002-10-28,10,2002,7071.1
53.2,-1.8,2009-10-17,10,2009,7071.1
57.4,-7.4,2010-10-03,10,2010,7071.1
53.340594,-2.887584,2006-10-22,10,2006,1414.2
54.7,-3.0,2016-10-30,10,2016,7071.1
51.2,-3.3,2014-11-04,11,2014,7071.1
54.0,-1.2,2011-11-06,11,2011,7071.1
51.2,-0.6,2005-10-21,10,2005,7071.1
51.555857,-3.371684,2005-10-28,10,2005,7071.1
55.0,-1.8,2005-10-08,10,2005,7071.1
55.4,-4.44,2016-10-23,10,2016,7071.1
53.316591,-1.578392,2019-10-27,10,2019,7.1
55.490862,-4.613171,2004-09-22,9,2004,7071.1
55.0,-2.3,2014-10-29,10,2014,7071.1
53.254784,-4.025063,2021-11-13,11,2021,7071.1
53.648186,-2.561211,2020-10-16,10,2020,1414.2
52.623222,-1.395775,2016-11-10,11,2016,1414.2
51.0,-4.1,2007-11-10,11,2007,7071.1
50.5,-4.3,2007-10-21,10,2007,7071.1
50.8,-1.5,2018-11-25,11,2018,7071.1
56.987787,-3.490928,2004-09-11,9,2004,707.1
52.6,-1.6,1969-12-31,12,1969,7071.1
54.1,-2.3,2014-10-29,10,2014,7071.1
56.400706,-5.528712,2020-10-30,10,2020,70.7
51.386382,-0.98323,2008-11-15,11,2008,70.7
58.5,-3.6,2007-11-12,11,2007,7071.1
53.541621,-1.926021,2011-11-04,11,2011,7071.1
57.4,-6.8,2011-10-18,10,2011,7071.1
51.846942,-5.1076,2008-10-26,10,2008,70.7
57.357252,-7.380886,2010-10-03,10,2010,70.7
51.9,-4.8,2011-09-27,9,2011,7071.1
51.994185,-4.776154,2012-11-29,11,2012,707.1
54.617517,-6.000962,2022-10-26,10,2022,7.1
54.3,-2.1,2003-10-03,10,2003,7071.1
51.557454,-3.227481,2008-11-18,11,2008,7071.1
53.16232,-4.170299,2005-10-08,10,2005,7071.1
51.8,-4.6,2011-07-10,7,2011,7071.1
52.5,-2.1,2016-12-20,12,2016,7071.1
57.984403,-4.157926,2006-09-26,9,2006,707.1
57.282658,-6.44457,2011-10-21,10,2011,7.1
54.140945,-4.680516,2014-11-16,11,2014,1414.2
53.631308,-2.228303,2011-10-20,10,2011,7071.1
51.737238,-3.232347,2010-10-26,10,2010,7071.1
54.585237,-6.025766,2020-09-24,9,2020,263.0
51.1,0.3,2005-10-26,10,2005,7071.1
54.8,-2.0,2008-10-25,10,2008,7071.1
57.2,-3.7,1969-12-31,12,1969,7071.1
54.200147,-4.646014,2011-10-16,10,2011,707.1
50.8,-2.8,2005-11-19,11,2005,7071.1
52.748915,-1.364408,2005-10-23,10,2005,1414.2
55.7,-2.8,2016-08-14,8,2016,7071.1
54.6,-1.8,2016-12-11,12,2016,7071.1
50.8,-2.9,2018-10-10,10,2018,7071.1
55.76,-4.31,2016-11-05,11,2016,7071.1
52.0,-3.1,2006-10-27,10,2006,7071.1
58.111963,-4.963594,2003-10-11,10,2003,707.1
54.195066,-4.461708,2012-10-27,10,2012,707.1
51.552131,-3.660047,2019-09-15,9,2019,7071.1
54.155258,-4.643148,2011-08-19,8,2011,707.1
51.6,-1.9,1969-12-31,12,1969,7071.1
56.046749,-3.655108,2004-09-05,9,2004,1414.2
53.9,-2.3,2002-07-12,7,2002,7071.1
52.935757,-3.088325,2003-09-22,9,2003,70.7
53.16232,-4.170299,2001-09-29,9,2001,7071.1
51.557454,-3.227481,2008-11-12,11,2008,7071.1
54.922249,-1.732393,2009-10-12,10,2009,70.7
57.3,-7.3,2014-10-01,10,2014,7071.1
56.361958,-5.382032,2014-10-12,10,2014,7.1
54.275245,-4.497211,2021-11-07,11,2021,707.1
53.164951,-4.020829,2020-09-19,9,2020,7071.1
