lat,lon,score
50.0,-8.0,0.48739118319865393
50.0,-7.75,0.488520718256148
50.0,-7.5,0.48965037055428257
50.0,-7.25,0.49078012856608094
50.0,-7.0,0.4919099807602486
50.0,-6.75,0.49303991560164295
50.0,-6.5,0.49416992155174483
50.0,-6.25,0.4952999870691295
50.0,-6.0,0.4964301006099378
50.0,-5.75,0.49756025062834786
50.0,-5.5,0.498690425577047
50.0,-5.25,0.49982061390770416
50.0,-5.0,0.5009508040714397
50.0,-4.75,0.5020809845193006
50.0,-4.5,0.5032111437027305
50.0,-4.25,0.504341270074042
50.0,-4.0,0.505471352086889
50.0,-3.75,0.5066013781967382
50.0,-3.5,0.5077313368613411
50.0,-3.25,0.5088612165412048
50.0,-3.0,0.509991005700064
50.0,-2.75,0.5111206928053517
50.0,-2.5,0.5122502663286693
50.0,-2.25,0.5133797147462581
50.0,-2.0,0.5145090265394677
50.0,-1.75,0.5156381901952268
50.0,-1.5,0.5167671942065102
50.0,-1.25,0.5178960270728096
50.0,-1.0,0.5190246773006
50.0,-0.75,0.5201531334038073
50.0,-0.5,0.5212813839042748
50.0,-0.25,0.522409417332229
50.0,0.0,0.5235372222267453
50.0,0.25,0.5246647871362118
50.0,0.5,0.5257921006187932
50.0,0.75,0.5269191512428937
50.0,1.0,0.5280459275876187
50.0,1.25,0.5291724182432356
50.0,1.5,0.5302986118116344
50.0,1.75,0.5314244969067858
50.0,2.0,0.5325500621552006
50.0,2.25,0.533675296196384
50.25,-8.0,0.4756955454978691
50.25,-7.75,0.4768231883488656
50.25,-7.5,0.47795106752612254
50.25,-7.25,0.47907917157500113
50.25,-7.0,0.4802074890316982
50.25,-6.75,0.48133600842371044
50.25,-6.5,0.48246471827030035
50.25,-6.25,0.48359360708296145
50.25,-6.0,0.4847226633658861
50.25,-5.75,0.4858518756164326
50.25,-5.5,0.48698123232559265
50.25,-5.25,0.4881107219784614
50.25,-5.0,0.48924033305470377
50.25,-4.75,0.4903700540290272
50.25,-4.5,0.49149987337165024
50.25,-4.25,0.4926297795487724
50.25,-4.0,0.49375976102304575
50.25,-3.75,0.4948898062540458
50.25,-3.5,0.4960199036987422
50.25,-3.25,0.49715004181197114
50.25,-3.0,0.49828020904690656
50.25,-2.75,0.49941039385553204
50.25,-2.5,0.5005405846891129
50.25,-2.25,0.5016707699986682
50.25,-2.0,0.5028009382354429
50.25,-1.75,0.5039310778513802
50.25,-1.5,0.5050611772995917
50.25,-1.25,0.5061912250348317
50.25,-1.0,0.5073212095139683
50.25,-0.75,0.5084511191964536
50.25,-0.5,0.5095809425447965
50.25,-0.25,0.5107106680250331
50.25,0.0,0.5118402841071977
50.25,0.25,0.5129697792657929
50.25,0.5,0.5140991419802597
50.25,0.75,0.5152283607354476
50.25,1.0,0.5163574240220831
50.25,1.25,0.5174863203372381
50.25,1.5,0.5186150381847989
50.25,1.75,0.519743566075933
50.25,2.0,0.5208718925295563
50.25,2.25,0.5220000060727982
50.5,-8.0,0.4640265066088063
50.5,-7.75,0.4651510286023815
50.5,-7.5,0.46627590497461335
50.5,-7.25,0.46740112439297954
50.5,-7.0,0.46852667551103166
50.5,-6.75,0.46965254696884995
50.5,-6.5,0.47077872739349885
50.5,-6.25,0.47190520539948344
50.5,-6.0,0.4730319695892083
50.5,-5.75,0.4741590085534353
50.5,-5.5,0.4752863108717444
50.5,-5.25,0.4764138651129951
50.5,-5.0,0.4775416598357854
50.5,-4.75,0.4786696835889186
50.5,-4.5,0.4797979249118641
50.5,-4.25,0.4809263723352229
50.5,-4.0,0.482055014381192
50.5,-3.75,0.48318383956403116
50.5,-3.5,0.48431283639052874
50.5,-3.25,0.48544199336046934
50.5,-3.0,0.48657129896710155
50.5,-2.75,0.4877007416976061
50.5,-2.5,0.48883031003356514
50.5,-2.25,0.4899599924514313
50.5,-2.0,0.4910897774229977
50.5,-1.75,0.49221965341586893
50.5,-1.5,0.49334960889392926
50.5,-1.25,0.49447963231781666
50.5,-1.0,0.4956097121453923
50.5,-0.75,0.49673983683221207
50.5,-0.5,0.4978699948319988
50.5,-0.25,0.49900017459711365
50.5,0.0,0.5001303645790279
50.5,0.25,0.5012605532287955
50.5,0.5,0.502390728997525
50.5,0.75,0.503520880336851
50.5,1.0,0.504650995699407
50.5,1.25,0.5057810635392966
50.5,1.5,0.5069110723125659
50.5,1.75,0.5080410104776747
50.5,2.0,0.5091708664959682
50.5,2.25,0.5103006288321472
50.75,-8.0,0.4523967261663519
50.75,-7.75,0.4535169122655738
50.75,-7.5,0.45463756925280724
50.75,-7.25,0.4557586859662951
50.75,-7.0,0.45688025122572085
50.75,-6.75,0.4580022538326497
50.75,-6.5,0.45912468257096983
50.75,-6.25,0.460247526207336
50.75,-6.0,0.4613707734916143
50.75,-5.75,0.4624944131573286
50.75,-5.5,0.4636184339221081
50.75,-5.25,0.4647428244881366
50.75,-5.0,0.46586757354260155
50.75,-4.75,0.466992669758148
50.75,-4.5,0.4681181017933297
50.75,-4.25,0.4692438582930639
50.75,-4.0,0.4703699278890864
50.75,-3.75,0.4714962992004082
50.75,-3.5,0.47262296083377275
50.75,-3.25,0.47374990138411494
50.75,-3.0,0.47487710943502004
50.75,-2.75,0.476004573559185
50.75,-2.5,0.47713228231887944
50.75,-2.25,0.4782602242664082
50.75,-2.0,0.4793883879445748
50.75,-1.75,0.48051676188714587
50.75,-1.5,0.4816453346193141
50.75,-1.25,0.4827740946581666
50.75,-1.0,0.4839030305131497
50.75,-0.75,0.48503213068653617
50.75,-0.5,0.48616138367389267
50.75,-0.25,0.48729077796454817
50.75,0.0,0.48842030204206266
50.75,0.25,0.48954994438469646
50.75,0.5,0.4906796934658795
50.75,0.75,0.4918095377546821
50.75,1.0,0.4929394657162845
50.75,1.25,0.49406946581244887
50.75,1.5,0.4951995265019895
50.75,1.75,0.49632963624124454
50.75,2.0,0.497459783484548
50.75,2.25,0.4985899566846998
51.0,-8.0,0.44081869301647997
51.0,-7.75,0.44193334700470654
51.0,-7.5,0.44304858635166544
51.0,-7.25,0.44416440011344316
51.0,-7.0,0.4452807773231044
51.0,-6.75,0.44639770699111453
51.0,-6.5,0.4475151781057626
51.0,-6.25,0.44863317963358856
51.0,-6.0,0.4497517005198104
51.0,-5.75,0.4508707296887537
51.0,-5.5,0.45199025604428306
51.0,-5.25,0.4531102684702361
51.0,-5.0,0.45423075583085565
51.0,-4.75,0.45535170697122973
51.0,-4.5,0.45647311071772734
51.0,-4.25,0.457594955878439
51.0,-4.0,0.4587172312436179
51.0,-3.75,0.45983992558612247
51.0,-3.5,0.46096302766186115
51.0,-3.25,0.4620865262102378
51.0,-3.0,0.4632104099545989
51.0,-2.75,0.4643346676026822
51.0,-2.5,0.46545928784706647
51.0,-2.25,0.4665842593656228
51.0,-2.0,0.4677095708219672
51.0,-1.75,0.4688352108659142
51.0,-1.5,0.46996116813393063
51.0,-1.25,0.47108743124959346
51.0,-1.0,0.47221398882404614
51.0,-0.75,0.47334082945645645
51.0,-0.5,0.474467941734476
51.0,-0.25,0.4755953142347005
51.0,0.0,0.47672293552313094
51.0,0.25,0.47785079415563564
51.0,0.5,0.47897887867841293
51.0,0.75,0.4801071776284556
51.0,1.0,0.481235679534015
51.0,1.25,0.4823643729150666
51.0,1.5,0.4834932462837757
51.0,1.75,0.48462228814496505
51.0,2.0,0.48575148699658155
51.0,2.25,0.4868808313301632
51.25,-8.0,0.42930467220597995
51.25,-7.75,0.4304126217203991
51.25,-7.5,0.43152126854869083
51.25,-7.25,0.43263060200988007
51.25,-7.0,0.43374061139571574
51.25,-6.75,0.4348512859710714
51.25,-6.5,0.43596261497434796
51.25,-6.25,0.4370745876178777
51.25,-6.0,0.4381871930883323
51.25,-5.75,0.4393004205471318
51.25,-5.5,0.4404142591308555
51.25,-5.25,0.4415286979516562
51.25,-5.0,0.44264372609767394
51.25,-4.75,0.4437593326334558
51.25,-4.5,0.4448755066003741
51.25,-4.25,0.44599223701704777
51.25,-4.0,0.44710951287976614
51.25,-3.75,0.4482273231629141
51.25,-3.5,0.44934565681939886
51.25,-3.25,0.45046450278107963
51.25,-3.0,0.4515838499591977
51.25,-2.75,0.4527036872448093
51.25,-2.5,0.45382400350921936
51.25,-2.25,0.45494478760441814
51.25,-2.0,0.4560660283635179
51.25,-1.75,0.4571877146011933
51.25,-1.5,0.45830983511411977
51.25,-1.25,0.45943237868141856
51.25,-1.0,0.4605553340650989
51.25,-0.75,0.4616786900105037
51.25,-0.5,0.46280243524675574
51.25,-0.25,0.4639265584872065
51.25,0.0,0.4650510484298847
51.25,0.25,0.46617589375794777
51.25,0.5,0.467301083140133
51.25,0.75,0.46842660523121193
51.25,1.0,0.46955244867244383
51.25,1.25,0.4706786020920315
51.25,1.5,0.47180505410557827
51.25,1.75,0.47293179331654545
51.25,2.0,0.474058808316712
51.25,2.25,0.4751860876866325
51.5,-8.0,0.4178666540164052
51.5,-7.75,0.4189667553645796
51.5,-7.5,0.42006766301202025
51.5,-7.25,0.4211693665834158
51.5,-7.0,0.4222718556721694
51.5,-6.75,0.42337511984077386
51.5,-6.5,0.4244791486211898
51.5,-6.25,0.42558393151522567
51.5,-6.0,0.4266894579949211
51.5,-5.75,0.42779571750293216
51.5,-5.5,0.4289026994529191
51.5,-5.25,0.43001039322993684
51.5,-5.0,0.43111878819082644
51.5,-4.75,0.43222787366461196
51.5,-4.5,0.43333763895289656
51.5,-4.25,0.43444807333026214
51.5,-4.0,0.4355591660446715
51.5,-3.75,0.43667090631787203
51.5,-3.5,0.4377832833458021
51.5,-3.25,0.4388962862989998
51.5,-3.0,0.4400099043230132
51.5,-2.75,0.44112412653881267
51.5,-2.5,0.44223894204320635
51.5,-2.25,0.4433543399092564
51.5,-2.0,0.444470309186698
51.5,-1.75,0.44558683890236034
51.5,-1.5,0.44670391806058785
51.5,-1.25,0.4478215356436668
51.5,-1.0,0.44893968061225087
51.5,-0.75,0.45005834190578903
51.5,-0.5,0.4511775084429565
51.5,-0.25,0.4522971691220856
51.5,0.0,0.45341731282160025
51.5,0.25,0.45453792840045054
51.5,0.5,0.4556590046985503
51.5,0.75,0.4567805305372151
51.5,1.0,0.4579024947196028
51.5,1.25,0.4590248860311552
51.5,1.5,0.46014769324004096
51.5,1.75,0.4612709050976007
51.5,2.0,0.46239451033879325
51.5,2.25,0.46351849768264175
51.75,-8.0,0.40651630548208145
51.75,-7.75,0.4076074482006262
51.75,-7.5,0.40869950280647843
51.75,-7.25,0.40979245926999885
51.75,-7.0,0.4108863075265292
51.75,-6.75,0.4119810374767398
51.75,-6.5,0.4130766389869793
51.75,-6.25,0.41417310188962814
51.75,-6.0,0.41527041598345404
51.75,-5.75,0.41636857103397096
51.75,-5.5,0.4174675567737996
51.75,-5.25,0.41856736290303254
51.75,-5.0,0.41966797908959863
51.75,-4.75,0.42076939496963517
51.75,-4.5,0.42187160014785724
51.75,-4.25,0.4229745841979337
51.75,-4.0,0.4240783366628636
51.75,-3.75,0.42518284705535514
51.75,-3.5,0.42628810485820867
51.75,-3.25,0.4273940995247009
51.75,-3.0,0.4285008204789713
51.75,-2.75,0.4296082571164123
51.75,-2.5,0.43071639880406026
51.75,-2.25,0.4318252348809902
51.75,-2.0,0.4329347546587118
51.75,-1.75,0.43404494742156896
51.75,-1.5,0.4351558024271385
51.75,-1.25,0.43626730890663706
51.75,-1.0,0.43737945606532364
51.75,-0.75,0.4384922330829083
51.75,-0.5,0.43960562911396184
51.75,-0.25,0.4407196332883279
51.75,0.0,0.44183423471153654
51.75,0.25,0.44294942246522057
51.75,0.5,0.44406518560753344
51.75,0.75,0.4451815131735696
51.75,1.0,0.4462983941757857
51.75,1.25,0.4474158176044255
51.75,1.5,0.44853377242794495
51.75,1.75,0.44965224759344
51.75,2.0,0.45077123202707653
51.75,2.25,0.4518907146345196
52.0,-8.0,0.3952649247938491
52.0,-7.75,0.3963460359123033
52.0,-7.5,0.397428160711087
52.0,-7.25,0.39851128954321713
52.0,-7.0,0.39959541272326204
52.0,-6.75,0.40068052052765907
52.0,-6.5,0.4017666031950335
52.0,-6.25,0.40285365092652275
52.0,-6.0,0.40394165388610165
52.0,-5.75,0.4050306022009116
52.0,-5.5,0.40612048596159284
52.0,-5.25,0.4072112952226193
52.0,-5.0,0.4083030200026352
52.0,-4.75,0.4093956502847978
52.0,-4.5,0.41048917601711954
52.0,-4.25,0.4115835871128149
52.0,-4.0,0.4126788734506495
52.0,-3.75,0.41377502487529194
52.0,-3.5,0.4148720311976691
52.0,-3.25,0.41596988219532305
52.0,-3.0,0.41706856761277183
52.0,-2.75,0.4181680771618721
52.0,-2.5,0.4192684005221848
52.0,-2.25,0.4203695273413435
52.0,-2.0,0.42147144723542546
52.0,-1.75,0.42257414978932506
52.0,-1.5,0.4236776245571287
52.0,-1.25,0.42478186106249577
52.0,-1.0,0.42588684879903765
52.0,-0.75,0.4269925772307026
52.0,-0.5,0.4280990357921608
52.0,-0.25,0.42920621388919394
52.0,0.0,0.4303141008990852
52.0,0.25,0.4314226861710126
52.0,0.5,0.4325319590264454
52.0,0.75,0.4336419087595411
52.0,1.0,0.434752524637546
52.0,1.25,0.4358637959011978
52.0,1.5,0.43697571176512995
52.0,1.75,0.4380882614182788
52.0,2.0,0.4392014340242926
52.0,2.25,0.4403152187219418
52.25,-8.0,0.3841233989465683
52.25,-7.75,0.3851934469239442
52.25,-7.5,0.38626460621485864
52.25,-7.25,0.38733686758868174
52.25,-7.0,0.3884102217732331
52.25,-6.75,0.3894846594550661
52.25,-6.5,0.39056017127975623
52.25,-6.25,0.3916367478521914
52.25,-6.0,0.39271437973686624
52.25,-5.75,0.3937930574581796
52.25,-5.5,0.39487277150073447
52.25,-5.25,0.39595351230964265
52.25,-5.0,0.3970352702908291
52.25,-4.75,0.39811803581134425
52.25,-4.5,0.3992017991996758
52.25,-4.25,0.4002865507460643
52.25,-4.0,0.4013722807028223
52.25,-3.75,0.4024589792846567
52.25,-3.5,0.4035466366689928
52.25,-3.25,0.4046352429963034
52.25,-3.0,0.40572478837043857
52.25,-2.75,0.4068152628589604
52.25,-2.5,0.40790665649347907
52.25,-2.25,0.40899895926999286
52.25,-2.0,0.4100921611492306
52.25,-1.75,0.41118625205699727
52.25,-1.5,0.4122812218845209
52.25,-1.25,0.4133770604888058
52.25,-1.0,0.41447375769298456
52.25,-0.75,0.4155713032866754
52.25,-0.5,0.41666968702634094
52.25,-0.25,0.41776889863565086
52.25,0.0,0.41886892780584584
52.25,0.25,0.4199697641961052
52.25,0.5,0.4210713974339171
52.25,0.75,0.4221738171154504
52.25,1.0,0.4232770128059307
52.25,1.25,0.42438097404001723
52.25,1.5,0.42548569032218364
52.25,1.75,0.4265911511271002
52.25,2.0,0.4276973459000197
52.25,2.25,0.4288042640571634
52.5,-8.0,0.37310216494034065
52.5,-7.75,0.3741601632466402
52.5,-7.5,0.3752193660104093
52.5,-7.25,0.3762797644475657
52.5,-7.0,0.3773413497297206
52.5,-6.75,0.37840411298442894
52.5,-6.5,0.37946804529544365
52.5,-6.25,0.38053313770297215
52.5,-6.0,0.38159938120393727
52.5,-5.75,0.3826667667522409
52.5,-5.5,0.38373528525903106
52.5,-5.25,0.3848049275929722
52.5,-5.0,0.385875684580518
52.5,-4.75,0.38694754700619
52.5,-4.5,0.38802050561285645
52.5,-4.25,0.3890945511020161
52.5,-4.0,0.3901696741340842
52.5,-3.75,0.3912458653286832
52.5,-3.5,0.3923231152649348
52.5,-3.25,0.3934014144817567
52.5,-3.0,0.3944807534781615
52.5,-2.75,0.39556112271355937
52.5,-2.5,0.39664251260806344
52.5,-2.25,0.3977249135427985
52.5,-2.0,0.39880831586021226
52.5,-1.75,0.3998927098643917
52.5,-1.5,0.4009780858213778
52.5,-1.25,0.40206443395949015
52.5,-1.0,0.4031517444696482
52.5,-0.75,0.4042400075056991
52.5,-0.5,0.4053292131847474
52.5,-0.25,0.4064193515874875
52.5,0.0,0.4075104127585398
52.5,0.25,0.4086023867067891
52.5,0.5,0.409695263405726
52.5,0.75,0.4107890327937913
52.5,1.0,0.41188368477472315
52.5,1.25,0.41297920921790715
52.5,1.5,0.4140755959587289
52.5,1.75,0.41517283479892997
52.5,2.0,0.4162709155069659
52.5,2.25,0.4173698278183661
52.75,-8.0,0.36221117479391
52.75,-7.75,0.3632561851139831
52.75,-7.5,0.36430248825399836
52.75,-7.25,0.36535007590294666
52.75,-7.0,0.36639893970311616
52.75,-6.75,0.36744907125030757
52.75,-6.5,0.368500462094053
52.75,-6.25,0.3695531037378379
52.75,-6.0,0.3706069876393266
52.75,-5.75,0.3716621052105912
52.75,-5.5,0.372718447818344
52.75,-5.25,0.37377600678417366
52.75,-5.0,0.3748347733847826
52.75,-4.75,0.375894738852232
52.75,-4.5,0.3769558943741859
52.75,-4.25,0.37801823109416105
52.75,-4.0,0.3790817401117794
52.75,-3.75,0.380146412483024
52.75,-3.5,0.3812122392204982
52.75,-3.25,0.38227921129368814
52.75,-3.0,0.38334731962922897
52.75,-2.75,0.38441655511117356
52.75,-2.5,0.38548690858126516
52.75,-2.25,0.3865583708392131
52.75,-2.0,0.38763093264297155
52.75,-1.75,0.38870458470902236
52.75,-1.5,0.38977931771265845
52.75,-1.25,0.39085512228827557
52.75,-1.0,0.39193198902966153
52.75,-0.75,0.3930099084902923
52.75,-0.5,0.39408887118363
52.75,-0.25,0.3951688675834238
52.75,0.0,0.39624988812401474
52.75,0.25,0.39733192320064314
52.75,0.5,0.3984149631697591
52.75,0.75,0.3994989983493362
52.75,1.0,0.40058401901918844
52.75,1.25,0.4016700154212895
52.75,1.5,0.40275697776009606
52.75,1.75,0.4038448962028734
52.75,2.0,0.40493376088002425
52.75,2.25,0.4060235618854192
53.0,-8.0,0.3514598645749399
53.0,-7.75,0.35249099961731645
53.0,-7.5,0.35352351080719807
53.0,-7.25,0.35455739032938816
53.0,-7.0,0.3555926303199605
53.0,-6.75,0.3566292228664385
53.0,-6.5,0.35766716000797805
53.0,-6.25,0.358706433735554
53.0,-6.0,0.3597470359921499
53.0,-5.75,0.3607889586729511
53.0,-5.5,0.36183219362554153
53.0,-5.25,0.3628767326501045
53.0,-5.0,0.36392256749962426
53.0,-4.75,0.36496968988009626
53.0,-4.5,0.3660180914507352
53.0,-4.25,0.36706776382419026
53.0,-4.0,0.36811869856676177
53.0,-3.75,0.3691708871986227
53.0,-3.5,0.3702243211940426
53.0,-3.25,0.3712789919816151
53.0,-3.0,0.37233489094448974
53.0,-2.75,0.3733920094206057
53.0,-2.5,0.37445033870292993
53.0,-2.25,0.3755098700396987
53.0,-2.0,0.37657059463466186
53.0,-1.75,0.3776325036473316
53.0,-1.5,0.3786955881932318
53.0,-1.25,0.3797598393441555
53.0,-1.0,0.3808252481284214
53.0,-0.75,0.38189180553113494
53.0,-0.5,0.3829595024944538
53.0,-0.25,0.3840283299178555
53.0,0.0,0.38509827865840845
53.0,0.25,0.38616933953104676
53.0,0.5,0.38724150330884777
53.0,0.75,0.38831476072331333
53.0,1.0,0.3893891024646538
53.0,1.25,0.3904645191820754
53.0,1.5,0.3915410014840714
53.0,1.75,0.39261853993871504
53.0,2.0,0.393697125073958
53.0,2.25,0.39477674737792773
53.25,-8.0,0.3408571275969358
53.25,-7.75,0.3418735534955835
53.25,-7.5,0.3428914336205982
53.25,-7.25,0.3439107606714817
53.25,-7.0,0.34493152729735255
53.25,-6.75,0.34595372609708963
53.25,-6.5,0.3469773496194782
53.25,-6.25,0.3480023903633607
53.25,-6.0,0.3490288407777905
53.25,-5.75,0.35005669326218863
53.25,-5.5,0.3510859401665047
53.25,-5.25,0.3521165737913813
53.25,-5.0,0.3531485863883206
53.25,-4.75,0.35418197015985714
53.25,-4.5,0.3552167172597313
53.25,-4.25,0.3562528197930676
53.25,-4.0,0.35729026981655637
53.25,-3.75,0.3583290593386388
53.25,-3.5,0.35936918031969534
53.25,-3.25,0.36041062467223794
53.25,-3.0,0.3614533842611052
53.25,-2.75,0.36249745090366153
53.25,-2.5,0.36354281636999963
53.25,-2.25,0.36458947238314593
53.25,-2.0,0.3656374106192704
53.25,-1.75,0.36668662270789915
53.25,-1.5,0.36773710023212935
53.25,-1.25,0.3687888347288515
53.25,-1.0,0.3698418176889701
53.25,-0.75,0.37089604055763126
53.25,-0.5,0.37195149473445205
53.25,-0.25,0.37300817157375415
53.25,0.0,0.37406606238480017
53.25,0.25,0.375125158432034
53.25,0.5,0.37618545093532396
53.25,0.75,0.3772469310702098
53.25,1.0,0.3783095899681529
53.25,1.25,0.3793734187167893
53.25,1.5,0.3804384083601873
53.25,1.75,0.38150454989910665
53.25,2.0,0.38257183429126346
53.25,2.25,0.38364025245159455
53.5,-8.0,0.3304112918775824
53.5,-7.75,0.33141223017982363
53.5,-7.5,0.3324146953648873
53.5,-7.25,0.3334186806619864
53.5,-7.0,0.3344241792486706
53.5,-6.75,0.3354311842509335
53.5,-6.5,0.33643968874332314
53.5,-6.25,0.3374496857490568
53.5,-6.0,0.3384611682401384
53.5,-5.75,0.3394741291374795
53.5,-5.5,0.3404885613110243
53.5,-5.25,0.3415044575798779
53.5,-5.0,0.34252181071243626
53.5,-4.75,0.3435406134265238
53.5,-4.5,0.34456085838953004
53.5,-4.25,0.3455825382185522
53.5,-4.0,0.3466056454805408
53.5,-3.75,0.3476301726924483
53.5,-3.5,0.3486561123213815
53.5,-3.25,0.34968345678475793
53.5,-3.0,0.3507121984504648
53.5,-2.75,0.3517423296370223
53.5,-2.5,0.3527738426137493
53.5,-2.25,0.35380672960093396
53.5,-2.0,0.35484098277000686
53.5,-1.75,0.3558765942437177
53.5,-1.5,0.35691355609631514
53.5,-1.25,0.35795186035373155
53.5,-1.0,0.3589914989937699
53.5,-0.75,0.3600324639462944
53.5,-0.5,0.3610747470934246
53.5,-0.25,0.3621183402697331
53.5,0.0,0.3631632352624469
53.5,0.25,0.36420942381165206
53.5,0.5,0.3652568976105012
53.5,0.75,0.3663056483054255
53.5,1.0,0.36735566749634957
53.5,1.25,0.3684069467369096
53.5,1.5,0.3694594775346753
53.5,1.75,0.3705132513513751
53.5,2.0,0.3715682596031251
53.5,2.25,0.37262449366065975
53.75,-8.0,0.32013010189923935
53.75,-7.75,0.3211148311382034
53.75,-7.5,0.32210115436035736
53.75,-7.25,0.32308906533579196
53.75,-7.0,0.3240785577820228
53.75,-6.75,0.3250696253640628
53.75,-6.5,0.3260622616944975
53.75,-6.25,0.3270564603335636
53.75,-6.0,0.3280522147892319
53.75,-5.75,0.32904951851729214
53.75,-5.5,0.3300483649214424
53.75,-5.25,0.3310487473533819
53.75,-5.0,0.33205065911290504
53.75,-4.75,0.3330540934480033
53.75,-4.5,0.334059043554966
53.75,-4.25,0.3350655025784873
53.75,-4.0,0.33607346361177504
53.75,-3.75,0.3370829196966646
53.75,-3.5,0.33809386382373446
53.75,-3.25,0.3391062889324269
53.75,-3.0,0.34012018791117077
53.75,-2.75,0.34113555359750886
53.75,-2.5,0.3421523787782276
53.75,-2.25,0.3431706561894913
53.75,-2.0,0.3441903785169793
53.75,-1.75,0.3452115383960271
53.75,-1.5,0.34623412841176865
53.75,-1.25,0.347258141099287
53.75,-1.0,0.3482835689437634
53.75,-0.75,0.3493104043806326
53.75,-0.5,0.350338639795741
53.75,-0.25,0.35136826752550815
53.75,0.0,0.3523992798570919
53.75,0.25,0.353431669028557
53.75,0.5,0.35446542722904745
53.75,0.75,0.3555005465989614
53.75,1.0,0.3565370192301311
53.75,1.25,0.3575748371660045
53.75,1.5,0.358613992401832
53.75,1.75,0.3596544768848555
53.75,2.0,0.36069628251450203
53.75,2.25,0.36173940114257824
54.0,-8.0,0.3100207046602701
54.0,-7.75,0.3109885615151725
54.0,-7.5,0.31195807380336327
54.0,-7.25,0.3129292358432001
54.0,-7.0,0.3139020418999146
54.0,-6.75,0.3148764861856502
54.0,-6.5,0.31585256285950297
54.0,-6.25,0.31683026602756603
54.0,-6.0,0.3178095897429772
54.0,-5.75,0.3187905280059698
54.0,-5.5,0.3197730747639269
54.0,-5.25,0.32075722391143924
54.0,-5.0,0.3217429692903645
54.0,-4.75,0.3227303046898936
54.0,-4.5,0.3237192238466171
54.0,-4.25,0.3247097204445959
54.0,-4.0,0.32570178811543593
54.0,-3.75,0.32669542043836547
54.0,-3.5,0.3276906109403162
54.0,-3.25,0.3286873530960077
54.0,-3.0,0.32968564032803516
54.0,-2.75,0.3306854660069603
54.0,-2.5,0.3316868234514062
54.0,-2.25,0.33268970592815544
54.0,-2.0,0.33369410665225113
54.0,-1.75,0.3347000187871027
54.0,-1.5,0.33570743544459203
54.0,-1.25,0.3367163496851879
54.0,-1.0,0.3377267545180597
54.0,-0.75,0.3387386429011963
54.0,-0.5,0.3397520077415283
54.0,-0.25,0.34076684189505335
54.0,0.0,0.3417831381669653
54.0,0.25,0.3428008893117871
54.0,0.5,0.34382008803350617
54.0,0.75,0.34484072698571416
54.0,1.0,0.3458627987717502
54.0,1.25,0.34688629594484666
54.0,1.5,0.3479112110082797
54.0,1.75,0.34893753641552216
54.0,2.0,0.3499652645704011
54.0,2.25,0.3509943878272568
54.25,-8.0,0.3000896399565901
54.25,-7.75,0.3010400200087432
54.25,-7.5,0.3019921112383783
54.25,-7.25,0.30294590851584324
54.25,-7.0,0.3039014066581562
54.25,-6.75,0.30485860042901125
54.25,-6.5,0.30581748453878593
54.25,-6.25,0.3067780536445524
54.25,-6.0,0.3077403023500914
54.25,-5.75,0.30870422520591023
54.25,-5.5,0.3096698167092627
54.25,-5.25,0.3106370713041736
54.25,-5.0,0.311605983381464
54.25,-4.75,0.3125765472787837
54.25,-4.5,0.31354875728064313
54.25,-4.25,0.31452260761845025
54.25,-4.0,0.3154980924705506
54.25,-3.75,0.3164752059622701
54.25,-3.5,0.3174539421659618
54.25,-3.25,0.31843429510105553
54.25,-3.0,0.31941625873411067
54.25,-2.75,0.3203998269788726
54.25,-2.5,0.3213849936963324
54.25,-2.25,0.3223717526947896
54.25,-2.0,0.32336009772991875
54.25,-1.75,0.3243500225048392
54.25,-1.5,0.3253415206701865
54.25,-1.25,0.32633458582419156
54.25,-1.0,0.32732921151275834
54.25,-0.75,0.32832539122954757
54.25,-0.5,0.32932311841606343
54.25,-0.25,0.33032238646174317
54.25,0.0,0.3313231887040508
54.25,0.25,0.3323255184285736
54.25,0.5,0.33332936886912234
54.25,0.75,0.3343347332078351
54.25,1.0,0.33534160457528406
54.25,1.25,0.3363499760505862
54.25,1.5,0.3373598406615171
54.25,1.75,0.3383711913846284
54.25,2.0,0.3393840211453691
54.25,2.25,0.34039832281820825
54.5,-8.0,0.29034283478712397
54.5,-7.75,0.2912751928838175
54.5,-7.5,0.2922093121778483
54.5,-7.25,0.29314518809175544
54.5,-7.0,0.29408281599487823
54.5,-6.75,0.29502219120332934
54.5,-6.5,0.2959633089799718
54.5,-6.25,0.2969061645343978
54.5,-6.0,0.29785075302291164
54.5,-5.75,0.2987970695485148
54.5,-5.5,0.2997451091608944
54.5,-5.25,0.3006948668564151
54.5,-5.0,0.301646337578112
54.5,-4.75,0.3025995162156903
54.5,-4.5,0.3035543976055249
54.5,-4.25,0.3045109765306638
54.5,-4.0,0.3054692477208355
54.5,-3.75,0.30642920585245853
54.5,-3.5,0.3073908455486549
54.5,-3.25,0.30835416137926613
54.5,-3.0,0.3093191478608725
54.5,-2.75,0.310285799456816
54.5,-2.5,0.3112541105772258
54.5,-2.25,0.3122240755790474
54.5,-2.0,0.3131956887660747
54.5,-1.75,0.31416894438898607
54.5,-1.5,0.3151438366453812
54.5,-1.25,0.31612035967982555
54.5,-1.0,0.3170985075838939
54.5,-0.75,0.31807827439621944
54.5,-0.5,0.31905965410254533
54.5,-0.25,0.3200426406357799
54.5,0.0,0.3210272278760551
54.5,0.25,0.3220134096507881
54.5,0.5,0.3230011797347468
54.5,0.75,0.3239905318501176
54.5,1.0,0.32498145966657765
54.5,1.25,0.3259739568013699
54.5,1.5,0.32696801681938154
54.5,1.75,0.3279636332332261
54.5,2.0,0.32896079950332874
54.5,2.25,0.329959509038014
54.75,-8.0,0.2807856017353157
54.75,-7.75,0.2816994519775209
54.75,-7.5,0.2826151077296548
54.75,-7.25,0.28353256496330553
54.75,-7.0,0.2844518195973046
54.75,-6.75,0.2853728674976714
54.75,-6.5,0.2862957044775599
54.75,-6.25,0.2872203262972081
54.75,-6.0,0.2881467286638905
54.75,-5.75,0.2890749072318733
54.75,-5.5,0.29000485760237243
54.75,-5.25,0.29093657532351463
54.75,-5.0,0.2918700558903001
54.75,-4.75,0.2928052947445707
54.75,-4.5,0.2937422872749786
54.75,-4.25,0.2946810288169589
54.75,-4.0,0.29562151465270486
54.75,-3.75,0.2965637400111464
54.75,-3.5,0.29750770006793126
54.75,-3.25,0.29845338994540954
54.75,-3.0,0.2994008047126207
54.75,-2.75,0.30034993938528426
54.75,-2.5,0.3013007889257929
54.75,-2.25,0.30225334824320876
54.75,-2.0,0.3032076121932635
54.75,-1.75,0.3041635755783605
54.75,-1.5,0.30512123314757983
54.75,-1.25,0.30608057959668866
54.75,-1.0,0.3070416095681522
54.75,-0.75,0.30800431765114866
54.75,-0.5,0.30896869838158797
54.75,-0.25,0.30993474624213296
54.75,0.0,0.310902455662224
54.75,0.25,0.31187182101810695
54.75,0.5,0.3128428366328639
54.75,0.75,0.31381549677644777
54.75,1.0,0.31478979566571974
54.75,1.25,0.31576572746448966
54.75,1.5,0.3167432862835607
54.75,1.75,0.31772246618077604
54.75,2.0,0.3187032611610704
54.75,2.25,0.3196856651765219
55.0,-8.0,0.2714226411419695
55.0,-7.75,0.2723175565151627
55.0,-7.5,0.27321431605420105
55.0,-7.25,0.2741129162734393
55.0,-7.0,0.27501335363521284
55.0,-6.75,0.27591562454975427
55.0,-6.5,0.2768197253751128
55.0,-6.25,0.27772565241707614
55.0,-6.0,0.27863340192909464
55.0,-5.75,0.27954297011220863
55.0,-5.5,0.2804543531149778
55.0,-5.25,0.2813675470334139
55.0,-5.0,0.28228254791091417
55.0,-4.75,0.2831993517382015
55.0,-4.5,0.28411795445326277
55.0,-4.25,0.2850383519412928
55.0,-4.0,0.28596054003463967
55.0,-3.75,0.2868845145127538
55.0,-3.5,0.28781027110213886
55.0,-3.25,0.28873780547630634
55.0,-3.0,0.2896671132557321
55.0,-2.75,0.2905981900078166
55.0,-2.5,0.29153103124684754
55.0,-2.25,0.292465632433965
55.0,-2.0,0.2934019889771306
55.0,-1.75,0.2943400962310985
55.0,-1.5,0.295279949497389
55.0,-1.25,0.29622154402426737
55.0,-1.0,0.29716487500672295
55.0,-0.75,0.2981099375864526
55.0,-0.5,0.2990567268518471
55.0,-0.25,0.30000523783798005
55.0,0.0,0.3009554655266005
55.0,0.25,0.3019074048461281
55.0,0.5,0.30286105067165137
55.0,0.75,0.3038163978249293
55.0,1.0,0.304773441074396
55.0,1.25,0.3057321751351682
55.0,1.5,0.3066925946690561
55.0,1.75,0.30765469428457726
55.0,2.0,0.30861846853697433
55.0,2.25,0.30958391192823353
55.25,-8.0,0.2622580468528369
55.25,-7.75,0.26313365852308696
55.25,-7.5,0.26401114744027987
55.25,-7.25,0.2648905106523415
55.25,-7.0,0.2657717451561861
55.25,-6.75,0.2666548478976079
55.25,-6.5,0.2675398157711749
55.25,-6.25,0.26842664562012536
55.25,-6.0,0.2693153342362663
55.25,-5.75,0.2702058783598745
55.25,-5.5,0.2710982746796
55.25,-5.25,0.2719925198323725
55.25,-5.0,0.2728886104033078
55.25,-4.75,0.2737865429256212
55.25,-4.5,0.2746863138805389
55.25,-4.25,0.2755879196972145
55.25,-4.0,0.27649135675264724
55.25,-3.75,0.27739662137160276
55.25,-3.5,0.27830370982653674
55.25,-3.25,0.27921261833752065
55.25,-3.0,0.28012334307217085
55.25,-2.75,0.2810358801455796
55.25,-2.5,0.2819502256202492
55.25,-2.25,0.2828663755060284
55.25,-2.0,0.2837843257600521
55.25,-1.75,0.28470407228668354
55.25,-1.5,0.28562561093745775
55.25,-1.25,0.2865489375110313
55.25,-1.0,0.2874740477531311
55.25,-0.75,0.2884009373565082
55.25,-0.5,0.28932960196089313
55.25,-0.25,0.2902600371529556
55.25,0.0,0.29119223846626535
55.25,0.25,0.2921262013812571
55.25,0.5,0.29306192132519787
55.25,0.75,0.29399939367215716
55.25,1.0,0.2949386137429804
55.25,1.25,0.2958795768052651
55.25,1.5,0.29682227807333983
55.25,1.75,0.2977667127082466
55.25,2.0,0.29871287581772626
55.25,2.25,0.2996607624562049
55.5,-8.0,0.25329531529772087
55.5,-7.75,0.2541513115975281
55.5,-7.5,0.2550092127612293
55.5,-7.25,0.25586901635845694
55.5,-7.0,0.256730719909086
55.5,-6.75,0.257594320883103
55.5,-6.5,0.2584598167004769
55.5,-6.25,0.25932720473103227
55.5,-6.0,0.2601964822943244
55.5,-5.75,0.2610676466595169
55.5,-5.5,0.26194069504526124
55.5,-5.25,0.2628156246195785
55.5,-5.0,0.2636924324997425
55.5,-4.75,0.2645711157521676
55.5,-4.5,0.2654516713922962
55.5,-4.25,0.26633409638448974
55.5,-4.0,0.2672183876419216
55.5,-3.75,0.26810454202647294
55.5,-3.5,0.26899255634862995
55.5,-3.25,0.2698824273673845
55.5,-3.0,0.27077415179013636
55.5,-2.75,0.27166772627259844
55.5,-2.5,0.27256314741870385
55.5,-2.25,0.2734604117805163
55.5,-2.0,0.27435951585814183
55.5,-1.75,0.2752604560996446
55.5,-1.5,0.27616322890096273
55.5,-1.25,0.27706783060583007
55.5,-1.0,0.27797425750569765
55.5,-0.75,0.2788825058396591
55.5,-0.5,0.2797925717943783
55.5,-0.25,0.2807044515040195
55.5,0.0,0.28161814105018096
55.5,0.25,0.28253363646182994
55.5,0.5,0.2834509337152415
55.5,0.75,0.28437002873393946
55.5,1.0,0.2852909173886402
55.5,1.25,0.28621359549719927
55.5,1.5,0.28713805882456067
55.5,1.75,0.2880643030827089
55.5,2.0,0.2889923239306247
55.5,2.25,0.2899221169742406
55.75,-8.0,0.24453735763652898
55.75,-7.75,0.2453734827667277
55.75,-7.5,0.24621153505050924
55.75,-7.25,0.2470515125649352
55.75,-7.0,0.24789341333878562
55.75,-6.75,0.24873723535240716
55.75,-6.5,0.24958297653756398
55.75,-6.25,0.2504306347772899
55.75,-6.0,0.2512802079057428
55.75,-5.75,0.25213169370806066
55.75,-5.5,0.2529850899202199
55.75,-5.25,0.25384039422889565
55.75,-5.0,0.2546976042713225
55.75,-4.75,0.25555671763516064
55.75,-4.5,0.2564177318583605
55.75,-4.25,0.25728064442903137
55.75,-4.0,0.2581454527853117
55.75,-3.75,0.25901215431524127
55.75,-3.5,0.2598807463566357
55.75,-3.25,0.26075122619696306
55.75,-3.0,0.2616235910732227
55.75,-2.75,0.26249783817182615
55.75,-2.5,0.2633739646284803
55.75,-2.25,0.26425196752807273
55.75,-2.0,0.26513184390455957
55.75,-1.75,0.2660135907408557
55.75,-1.5,0.26689720496872554
55.75,-1.25,0.2677826834686798
55.75,-1.0,0.2686700230698709
55.75,-0.75,0.2695592205499928
55.75,-0.5,0.2704502726351826
55.75,-0.25,0.27134317599992447
55.75,0.0,0.2722379272669564
55.75,0.25,0.2731345230071791
55.75,0.5,0.2740329597395675
55.75,0.75,0.2749332339310846
55.75,1.0,0.2758353419965981
55.75,1.25,0.2767392802987994
55.75,1.5,0.27764504514812505
55.75,1.75,0.27855263280268105
55.75,2.0,0.27946203946817
55.75,2.25,0.2803732612978189
56.0,-8.0,0.2359865146916235
56.0,-7.75,0.23680256716699086
56.0,-7.5,0.23762056391875125
56.0,-7.25,0.23844050351497115
56.0,-7.0,0.23926238447710613
56.0,-6.75,0.24008620527983213
56.0,-6.5,0.24091196435087792
56.0,-6.25,0.24173966007085895
56.0,-6.0,0.24256929077311373
56.0,-5.75,0.24340085474354076
56.0,-5.5,0.24423435022043813
56.0,-5.25,0.24506977539434435
56.0,-5.0,0.24590712840788007
56.0,-4.75,0.24674640735559414
56.0,-4.5,0.2475876102838087
56.0,-4.25,0.2484307351904676
56.0,-4.0,0.24927578002498574
56.0,-3.75,0.2501227426881014
56.0,-3.5,0.25097162103172943
56.0,-3.25,0.25182241285881685
56.0,-3.0,0.25267511592320036
56.0,-2.75,0.2535297279294655
56.0,-2.5,0.2543862465328083
56.0,-2.25,0.2552446693388981
56.0,-2.0,0.2561049939037438
56.0,-1.75,0.2569672177335606
56.0,-1.5,0.2578313382846389
56.0,-1.25,0.25869735296321744
56.0,-1.0,0.25956525912535583
56.0,-0.75,0.2604350540768108
56.0,-0.5,0.26130673507291385
56.0,-0.25,0.2621802993184518
56.0,0.0,0.263055743967549
56.0,0.25,0.2639330661235517
56.0,0.5,0.26481226283891535
56.0,0.75,0.2656933311150933
56.0,1.0,0.26657626790242844
56.0,1.25,0.2674610701000468
56.0,1.5,0.268347734555754
56.0,1.75,0.2692362580659329
56.0,2.0,0.27012663737544546
56.0,2.25,0.2710188691775344
56.25,-8.0,0.22764457437483895
56.25,-7.75,0.22844040524189102
56.25,-7.5,0.22923819252237967
56.25,-7.25,0.23003793525707272
56.25,-7.0,0.230839632441968
56.25,-6.75,0.231643283028109
56.25,-6.5,0.2324488859214018
56.25,-6.25,0.23325643998243384
56.25,-6.0,0.2340659440262934
56.25,-5.75,0.23487739682239123
56.25,-5.5,0.23569079709428317
56.25,-5.25,0.23650614351949445
56.25,-5.0,0.23732343472934472
56.25,-4.75,0.23814266930877642
56.25,-4.5,0.2389638457961831
56.25,-4.25,0.23978696268323949
56.25,-4.0,0.2406120184147337
56.25,-3.75,0.24143901138840093
56.25,-3.5,0.24226793995475837
56.25,-3.25,0.2430988024169423
56.25,-3.0,0.2439315970305465
56.25,-2.75,0.24476632200346277
56.25,-2.5,0.24560297549572263
56.25,-2.25,0.24644155561934117
56.25,-2.0,0.24728206043816278
56.25,-1.75,0.24812448796770867
56.25,-1.5,0.24896883617502472
56.25,-1.25,0.2498151029785344
56.25,-1.0,0.25066328624789075
56.25,-0.75,0.2515133838038308
56.25,-0.5,0.2523653934180331
56.25,-0.25,0.25321931281297577
56.25,0.0,0.25407513966179734
56.25,0.25,0.2549328715881594
56.25,0.5,0.25579250616611127
56.25,0.75,0.25665404091995647
56.25,1.0,0.2575174733241217
56.25,1.25,0.25838280080302745
56.25,1.5,0.259250020730961
56.25,1.75,0.2601191304319514
56.25,2.0,0.2609901271796472
56.25,2.25,0.26186300819719416
56.5,-8.0,0.2195127913114387
56.5,-7.75,0.22028830216728296
56.5,-7.5,0.22106577678688938
56.5,-7.25,0.22184521466381446
56.5,-7.0,0.22262661524882912
56.5,-6.75,0.22340997794972142
56.5,-6.5,0.22419530213110075
56.5,-6.25,0.22498258711420308
56.5,-6.0,0.2257718321766972
56.5,-5.75,0.22656303655249238
56.5,-5.5,0.22735619943154747
56.5,-5.25,0.22815131995968083
56.5,-5.0,0.22894839723838045
56.5,-4.75,0.22974743032461875
56.5,-4.5,0.23054841823066483
56.5,-4.25,0.23135135992390027
56.5,-4.0,0.23215625432663564
56.5,-3.75,0.23296310031592823
56.5,-3.5,0.23377189672340182
56.5,-3.25,0.23458264233506695
56.5,-3.0,0.23539533589114364
56.5,-2.75,0.2362099760858848
56.5,-2.5,0.23702656156740123
56.5,-2.25,0.2378450909374888
56.5,-2.0,0.23866556275145615
56.5,-1.75,0.23948797551795517
56.5,-1.5,0.2403123276988109
56.5,-1.25,0.2411386177088566
56.5,-1.0,0.24196684391576684
56.5,-0.75,0.24279700463989437
56.5,-0.5,0.24362909815410774
56.5,-0.25,0.24446312268363127
56.5,0.0,0.24529907640588625
56.5,0.25,0.2461369574503341
56.5,0.5,0.24697676389832127
56.5,0.75,0.2478184937829258
56.5,1.0,0.24866214508880616
56.5,1.25,0.24950771575205116
56.5,1.5,0.25035520366003255
56.5,1.75,0.251204606651259
56.5,2.0,0.2520559225152322
56.5,2.25,0.25290914899230393
56.75,-8.0,0.21159190836171984
56.75,-7.75,0.2123470492027939
56.75,-7.5,0.21310415658545406
56.75,-7.25,0.21386323043478875
56.75,-7.0,0.21462427063520326
56.75,-6.75,0.21538727703021252
56.75,-6.5,0.2161522494222343
56.75,-6.25,0.21691918757238393
56.75,-6.0,0.21768809120026963
56.75,-5.75,0.21845895998378873
56.75,-5.5,0.21923179355892508
56.75,-5.25,0.22000659151954766
56.75,-5.0,0.2207833534172087
56.75,-4.75,0.221562078760946
56.75,-4.5,0.22234276701708297
56.75,-4.25,0.22312541760903165
56.75,-4.0,0.22391002991709638
56.75,-3.75,0.22469660327827864
56.75,-3.5,0.2254851369860829
56.75,-3.25,0.2262756302903238
56.75,-3.0,0.2270680823969347
56.75,-2.75,0.22786249246777707
56.75,-2.5,0.2286588596204513
56.75,-2.25,0.22945718292810907
56.75,-2.0,0.2302574614192666
56.75,-1.75,0.23105969407761962
56.75,-1.5,0.23186387984185844
56.75,-1.25,0.2326700176054869
56.75,-1.0,0.23347810621664045
56.75,-0.75,0.23428814447790636
56.75,-0.5,0.2351001311461454
56.75,-0.25,0.23591406493231518
56.75,0.0,0.23672994450129475
56.75,0.25,0.23754776847171044
56.75,0.5,0.23836753541576408
56.75,0.75,0.23918924385906168
56.75,1.0,0.2400128922804445
56.75,1.25,0.24083847911182135
56.75,1.5,0.2416660027380027
56.75,1.75,0.2424954614965364
56.75,2.0,0.24332685367754492
56.75,2.25,0.24416017752356364
57.0,-8.0,0.20388217974358122
57.0,-7.75,0.2046169466726868
57.0,-7.5,0.20535367857537176
57.0,-7.25,0.20609237578591377
57.0,-7.0,0.20683303860010374
57.0,-6.75,0.2075756672750303
57.0,-6.5,0.2083202620288655
57.0,-6.25,0.2090668230406503
57.0,-6.0,0.20981535045008173
57.0,-5.75,0.21056584435730005
57.0,-5.5,0.21131830482267713
57.0,-5.25,0.2120727318666056
57.0,-5.0,0.21282912546928753
57.0,-4.75,0.21358748557052679
57.0,-4.5,0.21434781206951928
57.0,-4.25,0.21511010482464551
57.0,-4.0,0.21587436365326407
57.0,-3.75,0.21664058833150535
57.0,-3.5,0.2174087785940667
57.0,-3.25,0.21817893413400855
57.0,-3.0,0.21895105460255138
57.0,-2.75,0.21972513960887333
57.0,-2.5,0.22050118871990967
57.0,-2.25,0.22127920146015242
57.0,-2.0,0.22205917731145164
57.0,-1.75,0.22284111571281778
57.0,-1.5,0.22362501606022384
57.0,-1.25,0.2244108777064114
57.0,-1.0,0.2251986999606953
57.0,-0.75,0.22598848208877031
57.0,-0.5,0.22678022331251915
57.0,-0.25,0.22757392280982192
57.0,0.0,0.22836957971436597
57.0,0.25,0.229167193115458
57.0,0.5,0.22996676205783684
57.0,0.75,0.23076828554148757
57.0,1.0,0.23157176252145742
57.0,1.25,0.23237719190767242
57.0,1.5,0.23318457256475592
57.0,1.75,0.23399390331184827
57.0,2.0,0.2348051829224281
57.0,2.25,0.23561841012413426
57.25,-8.0,0.19638339546570624
57.25,-7.75,0.19709782828498632
57.25,-7.5,0.19781422040050756
57.25,-7.25,0.19853257253255724
57.25,-7.0,0.19925288536520236
57.25,-6.75,0.19997515954606876
57.25,-6.5,0.20069939568612022
57.25,-6.25,0.2014255943594383
57.25,-6.0,0.20215375610300262
57.25,-5.75,0.20288388141647173
57.25,-5.5,0.2036159707619645
57.25,-5.25,0.2043500245638422
57.25,-5.0,0.20508604320849
57.25,-4.75,0.20582402704410185
57.25,-4.5,0.2065639763804628
57.25,-4.25,0.20730589148873407
57.25,-4.0,0.20804977260123775
57.25,-3.75,0.20879561991124276
57.25,-3.5,0.20954343357275135
57.25,-3.25,0.2102932137002858
57.25,-3.0,0.21104496036867723
57.25,-2.75,0.2117986736128533
57.25,-2.5,0.21255435342762852
57.25,-2.25,0.213311999767494
57.25,-2.0,0.21407161254640883
57.25,-1.75,0.21483319163759257
57.25,-1.5,0.2155967368733164
57.25,-1.25,0.21636224804469917
57.25,-1.0,0.21712972490150073
57.25,-0.75,0.2178991671519178
57.25,-0.5,0.21867057446238056
57.25,-0.25,0.21944394645735055
57.25,0.0,0.22021928271911875
57.25,0.25,0.22099658278760576
57.25,0.5,0.2217758461601622
57.25,0.75,0.22255707229137023
57.25,1.0,0.22334026059284703
57.25,1.25,0.2241254104330483
57.25,1.5,0.22491252113707344
57.25,1.75,0.22570159198647222
57.25,2.0,0.2264926222190519
57.25,2.25,0.22728561102868547
57.5,-8.0,0.18909490679062138
57.5,-7.75,0.18978908650707116
57.5,-7.5,0.19048521597690674
57.5,-7.25,0.19118329628264552
57.5,-7.0,0.1918833284728992
57.5,-6.75,0.19258531356214906
57.5,-6.5,0.19328925253052132
57.5,-6.25,0.19399514632356282
57.5,-6.0,0.19470299585201714
57.5,-5.75,0.19541280199160083
57.5,-5.5,0.19612456558278013
57.5,-5.25,0.19683828743054832
57.5,-5.0,0.19755396830420202
57.5,-4.75,0.19827160893712054
57.5,-4.5,0.19899121002654335
57.5,-4.25,0.19971277223334863
57.5,-4.0,0.20043629618183265
57.5,-3.75,0.20116178245948937
57.5,-3.5,0.2018892316167906
57.5,-3.25,0.2026186441669664
57.5,-3.0,0.20335002058578644
57.5,-2.75,0.20408336131134175
57.5,-2.5,0.20481866674382684
57.5,-2.25,0.2055559372453228
57.5,-2.0,0.2062951731395807
57.5,-1.75,0.20703637471180592
57.5,-1.5,0.20777954220844216
57.5,-1.25,0.2085246758369583
57.5,-1.0,0.20927177576563358
57.5,-0.75,0.21002084212334485
57.5,-0.5,0.21077187499935404
57.5,-0.25,0.2115248744430969
57.5,0.0,0.21227984046397178
57.5,0.25,0.2130367730311301
57.5,0.5,0.21379567207326683
57.5,0.75,0.21455653747841216
57.5,1.0,0.2153193690937244
57.5,1.25,0.21608416672528302
57.5,1.5,0.21685093013788342
57.5,1.75,0.21761965905483177
57.5,2.0,0.21839035315774188
57.5,2.25,0.21916301208633113
57.75,-8.0,0.18201565245930054
57.75,-7.75,0.1826896987280967
57.75,-7.5,0.18336568159065944
57.75,-7.25,0.18404360246757953
57.75,-7.0,0.18472346274788387
57.75,-6.75,0.18540526378880876
57.75,-6.5,0.1860890069155733
57.75,-6.25,0.18677469342115327
57.75,-6.0,0.18746232456605447
57.75,-5.75,0.18815190157808695
57.75,-5.5,0.1888434256521387
57.75,-5.25,0.1895368979499504
57.75,-5.0,0.1902323195998885
57.75,-4.75,0.19092969169672147
57.75,-4.5,0.19162901530139367
57.75,-4.25,0.1923302914408005
57.75,-4.0,0.19303352110756378
57.75,-3.75,0.19373870525980744
57.75,-3.5,0.1944458448209333
57.75,-3.25,0.19515494067939732
57.75,-3.0,0.1958659936884862
57.75,-2.75,0.19657900466609424
57.75,-2.5,0.19729397439450067
57.75,-2.25,0.19801090362014723
57.75,-2.0,0.19872979305341643
57.75,-1.75,0.19945064336841012
57.75,-1.5,0.20017345520272753
57.75,-1.25,0.20089822915724637
57.75,-1.0,0.20162496579590147
57.75,-0.75,0.20235366564546572
57.75,-0.5,0.20308432919533095
57.75,-0.25,0.20381695689728935
57.75,0.0,0.20455154916531576
57.75,0.25,0.20528810637535014
57.75,0.5,0.206026628865081
57.75,0.75,0.20676711693372923
57.75,1.0,0.2075095708418328
57.75,1.25,0.20825399081103182
57.75,1.5,0.20900037702385463
57.75,1.75,0.20974872962350427
57.75,2.0,0.21049904871364647
57.75,2.25,0.21125133435819626
58.0,-8.0,0.17514418542369453
58.0,-7.75,0.17579825395312096
58.0,-7.5,0.1764542425513981
58.0,-7.25,0.17711215295286428
58.0,-7.0,0.17777198686264312
58.0,-6.75,0.17843374595641712
58.0,-6.5,0.179097431880201
58.0,-6.25,0.17976304625011508
58.0,-6.0,0.18043059065215836
58.0,-5.75,0.18110006664198194
58.0,-5.5,0.18177147574466218
58.0,-5.25,0.18244481945447408
58.0,-5.0,0.18312009923466357
58.0,-4.75,0.1837973165172224
58.0,-4.5,0.18447647270266027
58.0,-4.25,0.1851575691597785
58.0,-4.0,0.18584060722544352
58.0,-3.75,0.18652558820436052
58.0,-3.5,0.1872125133688469
58.0,-3.25,0.18790138395860628
58.0,-3.0,0.18859220118050235
58.0,-2.75,0.18928496620833304
58.0,-2.5,0.18997968018260478
58.0,-2.25,0.19067634421030702
58.0,-2.0,0.19137495936468701
58.0,-1.75,0.19207552668502506
58.0,-1.5,0.19277804717640848
58.0,-1.25,0.19348252180950892
58.0,-1.0,0.1941889515203571
58.0,-0.75,0.19489733721011884
58.0,-0.5,0.19560767974487198
58.0,-0.25,0.19631997995538272
58.0,0.0,0.19703423863688316
58.0,0.25,0.1977504565488484
58.0,0.5,0.1984686344147748
58.0,0.75,0.19918877292195833
58.0,1.0,0.1999108727212732
58.0,1.25,0.20063493442695113
58.0,1.5,0.20136095861636133
58.0,1.75,0.2020889458297905
58.0,2.0,0.20281889657022412
58.0,2.25,0.20355081130312638
58.25,-8.0,0.16847869985013783
58.25,-7.75,0.1691129797902179
58.25,-7.5,0.16974916016106076
58.25,-7.25,0.17038724298644753
58.25,-7.0,0.17102723026328417
58.25,-6.75,0.17166912396137665
58.25,-6.5,0.17231292602320575
58.25,-6.25,0.1729586383637019
58.25,-6.0,0.1736062628700196
58.25,-5.75,0.1742558014013116
58.25,-5.5,0.1749072557885034
58.25,-5.25,0.175560627834067
58.25,-5.0,0.1762159193117941
58.25,-4.75,0.17687313196657103
58.25,-4.5,0.17753226751415158
58.25,-4.25,0.1781933276409306
58.25,-4.0,0.17885631400371738
58.25,-3.75,0.17952122822950906
58.25,-3.5,0.18018807191526387
58.25,-3.25,0.18085684662767432
58.25,-3.0,0.18152755390294056
58.25,-2.75,0.18220019524654354
58.25,-2.5,0.1828747721330181
58.25,-2.25,0.18355128600572637
58.25,-2.0,0.18422973827663106
58.25,-1.75,0.184910130326069
58.25,-1.5,0.1855924635025236
58.25,-1.25,0.1862767391223998
58.25,-1.0,0.18696295846979685
58.25,-0.75,0.18765112279628224
58.25,-0.5,0.1883412333206654
58.25,-0.25,0.18903329122877224
58.25,0.0,0.1897272976732188
58.25,0.25,0.1904232537731862
58.25,0.5,0.19112116061419496
58.25,0.75,0.19182101924787995
58.25,1.0,0.19252283069176562
58.25,1.25,0.19322659592904132
58.25,1.5,0.19393231590833696
58.25,1.75,0.194639991543499
58.25,2.0,0.19534962371336714
58.25,2.25,0.1960612132615497
58.5,-8.0,0.16201705817452686
58.5,-7.75,0.16263176950969385
58.5,-7.5,0.163248358775263
58.5,-7.25,0.16386682826034898
58.5,-7.0,0.16448718022950473
58.5,-6.75,0.1651094169224999
58.5,-6.5,0.16573354055409872
58.5,-6.25,0.1663595533138376
58.5,-6.0,0.16698745736580226
58.5,-5.75,0.16761725484840484
58.5,-5.5,0.16824894787416028
58.5,-5.25,0.168882538529463
58.5,-5.0,0.1695180288743619
58.5,-4.75,0.17015542094233746
58.5,-4.5,0.17079471674007643
58.5,-4.25,0.17143591824724708
58.5,-4.0,0.17207902741627437
58.5,-3.75,0.17272404617211465
58.5,-3.5,0.17337097641203011
58.5,-3.25,0.17401982000536337
58.5,-3.0,0.17467057879331152
58.5,-2.75,0.17532325458870016
58.5,-2.5,0.17597784917575734
58.5,-2.25,0.17663436430988727
58.5,-2.0,0.1772928017174439
58.5,-1.75,0.17795316309550482
58.5,-1.5,0.17861545011164354
58.5,-1.25,0.17927966440370444
58.5,-1.0,0.17994580757957498
58.5,-0.75,0.18061388121695945
58.5,-0.5,0.1812838868631518
58.5,-0.25,0.18195582603480917
58.5,0.0,0.182629700217725
58.5,0.25,0.18330551086660235
58.5,0.5,0.1839832594048269
58.5,0.75,0.18466294722424068
58.5,1.0,0.18534457568491522
58.5,1.25,0.18602814611492496
58.5,1.5,0.18671365981012122
58.5,1.75,0.18740111803390538
58.5,2.0,0.1880905220170034
58.5,2.25,0.18878187295723858
58.75,-8.0,0.1557568180090789
58.75,-7.75,0.15635220897335939
58.75,-7.5,0.15694945275338254
58.75,-7.25,0.15754855187983854
58.75,-7.0,0.1581495088611292
58.75,-6.75,0.15875232618315074
58.75,-6.5,0.15935700630907618
58.75,-6.25,0.15996355167913684
58.75,-6.0,0.160571964710404
58.75,-5.75,0.16118224779656953
58.75,-5.5,0.16179440330772646
58.75,-5.25,0.16240843359014928
58.75,-5.0,0.16302434096607232
58.75,-4.75,0.1636421277334708
58.75,-4.5,0.1642617961658383
58.75,-4.25,0.1648833485119656
58.75,-4.0,0.16550678699571875
58.75,-3.75,0.1661321138158167
58.75,-3.5,0.16675933114560865
58.75,-3.25,0.16738844113285123
58.75,-3.0,0.16801944589948495
58.75,-2.75,0.16865234754141084
58.75,-2.5,0.16928714812826642
58.75,-2.25,0.1699238497032016
58.75,-2.0,0.17056245428265412
58.75,-1.75,0.1712029638561254
58.75,-1.5,0.17184538038595423
58.75,-1.25,0.1724897058070934
58.75,-1.0,0.17313594202688326
58.75,-0.75,0.17378409092482633
58.75,-0.5,0.17443415435236162
58.75,-0.25,0.17508613413263882
58.75,0.0,0.175740032060292
58.75,0.25,0.17639584990121362
58.75,0.5,0.17705358939232801
58.75,0.75,0.1777132522413651
58.75,1.0,0.17837484012663385
58.75,1.25,0.1790383546967954
58.75,1.5,0.1797037975706368
58.75,1.75,0.18037117033684388
58.75,2.0,0.181040474553775
58.75,2.25,0.18171171174923315
59.0,-8.0,0.14969525871995745
59.0,-7.75,0.15027160325124866
59.0,-7.5,0.1508497731128553
59.0,-7.25,0.15142977105377484
59.0,-7.0,0.15201159980293702
59.0,-6.75,0.15259526206899204
59.0,-6.5,0.15318076054009833
59.0,-6.25,0.15376809788370985
59.0,-6.0,0.15435727674636254
59.0,-5.75,0.15494829975346058
59.0,-5.5,0.1555411695090617
59.0,-5.25,0.1561358885956625
59.0,-5.0,0.15673245957398196
59.0,-4.75,0.15733088498274672
59.0,-4.5,0.15793116733847354
59.0,-4.25,0.15853330913525265
59.0,-4.0,0.15913731284452995
59.0,-3.75,0.15974318091488904
59.0,-3.5,0.16035091577183283
59.0,-3.25,0.16096051981756448
59.0,-3.0,0.16157199543076797
59.0,-2.75,0.16218534496638837
59.0,-2.5,0.16280057075541154
59.0,-2.25,0.16341767510464345
59.0,-2.0,0.1640366602964892
59.0,-1.75,0.1646575285887317
59.0,-1.5,0.16528028221430902
59.0,-1.25,0.16590492338109358
59.0,-1.0,0.16653145427166874
59.0,-0.75,0.1671598770431061
59.0,-0.5,0.16779019382674232
59.0,-0.25,0.16842240672795583
59.0,0.0,0.16905651782594272
59.0,0.25,0.16969252917349292
59.0,0.5,0.1703304427967658
59.0,0.75,0.17097026069506546
59.0,1.0,0.1716119848406161
59.0,1.25,0.17225561717833673
59.0,1.5,0.17290115962561603
59.0,1.75,0.1735486140720868
59.0,2.0,0.17419798237940046
59.0,2.25,0.17484926638100037
59.25,-8.0,0.14382940751473564
59.25,-7.75,0.1443870027628582
59.25,-7.5,0.1449463937228554
59.25,-7.25,0.1455075833393745
59.25,-7.0,0.1460705745391518
59.25,-6.75,0.1466353702308074
59.25,-6.5,0.14720197330463958
59.25,-6.25,0.1477703866324183
59.25,-6.0,0.1483406130671781
59.25,-5.75,0.14891265544301058
59.25,-5.5,0.14948651657485568
59.25,-5.25,0.15006219925829328
59.25,-5.0,0.15063970626933243
59.25,-4.75,0.15121904036420258
59.25,-4.5,0.15180020427914176
59.25,-4.25,0.15238320073018538
59.25,-4.0,0.15296803241295434
59.25,-3.75,0.1535547020024422
59.25,-3.5,0.1541432121528022
59.25,-3.25,0.15473356549713327
59.25,-3.0,0.15532576464726605
59.25,-2.75,0.15591981219354784
59.25,-2.5,0.15651571070462728
59.25,-2.25,0.1571134627272385
59.25,-2.0,0.1577130707859847
59.25,-1.75,0.1583145373831215
59.25,-1.5,0.1589178649983386
59.25,-1.25,0.15952305608854334
59.25,-1.0,0.1601301130876414
59.25,-0.75,0.16073903840631829
59.25,-0.5,0.16134983443181997
59.25,-0.25,0.16196250352773342
59.25,0.0,0.16257704803376632
59.25,0.25,0.1631934702655267
59.25,0.5,0.1638117725143018
59.25,0.75,0.1644319570468371
59.25,1.0,0.16505402610511433
59.25,1.25,0.16567798190612962
59.25,1.5,0.166303826641671
59.25,1.75,0.1669315624780958
59.25,2.0,0.16756119155610763
59.25,2.25,0.1681927159905322
